Country,Month,Year,Events (2022),Fatalities,Events Per Year (2022) 
Albania,January,2022,2,0,6
Albania,February,2022,0,0,
Albania,March,2022,0,0,
Albania,April,2022,1,0,
Albania,May,2022,0,0,
Albania,June,2022,0,0,
Albania,July,2022,0,0,
Albania,August,2022,1,0,
Albania,September,2022,1,0,
Albania,October,2022,0,0,
Albania,November,2022,1,0,
Albania,December,2022,0,0,
Algeria,January,2022,0,0,22
Algeria,February,2022,4,7,
Algeria,March,2022,5,3,
Algeria,April,2022,1,1,
Algeria,May,2022,3,0,
Algeria,June,2022,0,0,
Algeria,July,2022,1,1,
Algeria,August,2022,2,0,
Algeria,September,2022,1,0,
Algeria,October,2022,3,10,
Algeria,November,2022,0,0,
Algeria,December,2022,2,5,
American Samoa,January,2022,0,0,0
American Samoa,February,2022,0,0,
American Samoa,March,2022,0,0,
American Samoa,April,2022,0,0,
American Samoa,May,2022,0,0,
American Samoa,June,2022,0,0,
American Samoa,July,2022,0,0,
American Samoa,August,2022,0,0,
American Samoa,September,2022,0,0,
American Samoa,October,2022,0,0,
American Samoa,November,2022,0,0,
American Samoa,December,2022,0,0,
Andorra,January,2022,0,0,0
Andorra,February,2022,0,0,
Andorra,March,2022,0,0,
Andorra,April,2022,0,0,
Andorra,May,2022,0,0,
Andorra,June,2022,0,0,
Andorra,July,2022,0,0,
Andorra,August,2022,0,0,
Andorra,September,2022,0,0,
Andorra,October,2022,0,0,
Andorra,November,2022,0,0,
Andorra,December,2022,0,0,
Angola,January,2022,7,8,66
Angola,February,2022,4,4,
Angola,March,2022,7,6,
Angola,April,2022,6,18,
Angola,May,2022,2,4,
Angola,June,2022,5,4,
Angola,July,2022,6,7,
Angola,August,2022,9,32,
Angola,September,2022,6,3,
Angola,October,2022,4,2,
Angola,November,2022,5,4,
Angola,December,2022,5,12,
Anguilla,January,2022,0,0,0
Anguilla,February,2022,0,0,
Anguilla,March,2022,0,0,
Anguilla,April,2022,0,0,
Anguilla,May,2022,0,0,
Anguilla,June,2022,0,0,
Anguilla,July,2022,0,0,
Anguilla,August,2022,0,0,
Anguilla,September,2022,0,0,
Anguilla,October,2022,0,0,
Anguilla,November,2022,0,0,
Anguilla,December,2022,0,0,
Antarctica,January,2022,0,0,0
Antarctica,February,2022,0,0,
Antarctica,March,2022,0,0,
Antarctica,April,2022,0,0,
Antarctica,May,2022,0,0,
Antarctica,June,2022,0,0,
Antarctica,July,2022,0,0,
Antarctica,August,2022,0,0,
Antarctica,September,2022,0,0,
Antarctica,October,2022,0,0,
Antarctica,November,2022,0,0,
Antarctica,December,2022,0,0,
Antigua and Barbuda,January,2022,0,0,0
Antigua and Barbuda,February,2022,0,0,
Antigua and Barbuda,March,2022,0,0,
Antigua and Barbuda,April,2022,0,0,
Antigua and Barbuda,May,2022,0,0,
Antigua and Barbuda,June,2022,0,0,
Antigua and Barbuda,July,2022,0,0,
Antigua and Barbuda,August,2022,0,0,
Antigua and Barbuda,September,2022,0,0,
Antigua and Barbuda,October,2022,0,0,
Antigua and Barbuda,November,2022,0,0,
Antigua and Barbuda,December,2022,0,0,
Argentina,January,2022,7,1,65
Argentina,February,2022,2,1,
Argentina,March,2022,4,0,
Argentina,April,2022,5,0,
Argentina,May,2022,3,0,
Argentina,June,2022,6,2,
Argentina,July,2022,6,2,
Argentina,August,2022,2,0,
Argentina,September,2022,3,0,
Argentina,October,2022,8,3,
Argentina,November,2022,10,3,
Argentina,December,2022,9,2,
Armenia,January,2022,3,4,146
Armenia,February,2022,0,0,
Armenia,March,2022,2,1,
Armenia,April,2022,0,0,
Armenia,May,2022,6,2,
Armenia,June,2022,1,1,
Armenia,July,2022,4,0,
Armenia,August,2022,1,0,
Armenia,September,2022,86,201,
Armenia,October,2022,18,1,
Armenia,November,2022,20,0,
Armenia,December,2022,5,0,
Aruba,January,2022,0,0,0
Aruba,February,2022,0,0,
Aruba,March,2022,0,0,
Aruba,April,2022,0,0,
Aruba,May,2022,0,0,
Aruba,June,2022,0,0,
Aruba,July,2022,0,0,
Aruba,August,2022,0,0,
Aruba,September,2022,0,0,
Aruba,October,2022,0,0,
Aruba,November,2022,0,0,
Aruba,December,2022,0,0,
Australia,January,2022,0,0,5
Australia,February,2022,1,0,
Australia,March,2022,1,0,
Australia,April,2022,0,0,
Australia,May,2022,0,0,
Australia,June,2022,1,0,
Australia,July,2022,0,0,
Australia,August,2022,0,0,
Australia,September,2022,0,0,
Australia,October,2022,1,1,
Australia,November,2022,0,0,
Australia,December,2022,1,6,
Austria,January,2022,1,0,4
Austria,February,2022,0,0,
Austria,March,2022,0,0,
Austria,April,2022,0,0,
Austria,May,2022,0,0,
Austria,June,2022,0,0,
Austria,July,2022,0,0,
Austria,August,2022,1,0,
Austria,September,2022,0,0,
Austria,October,2022,2,0,
Austria,November,2022,0,0,
Austria,December,2022,0,0,
Azerbaijan,January,2022,18,0,386
Azerbaijan,February,2022,22,1,
Azerbaijan,March,2022,49,3,
Azerbaijan,April,2022,12,1,
Azerbaijan,May,2022,20,0,
Azerbaijan,June,2022,14,0,
Azerbaijan,July,2022,24,0,
Azerbaijan,August,2022,32,4,
Azerbaijan,September,2022,51,57,
Azerbaijan,October,2022,44,1,
Azerbaijan,November,2022,78,0,
Azerbaijan,December,2022,22,1,
Bahamas,January,2022,0,0,1
Bahamas,February,2022,0,0,
Bahamas,March,2022,0,0,
Bahamas,April,2022,0,0,
Bahamas,May,2022,0,0,
Bahamas,June,2022,0,0,
Bahamas,July,2022,0,0,
Bahamas,August,2022,0,0,
Bahamas,September,2022,0,0,
Bahamas,October,2022,1,0,
Bahamas,November,2022,0,0,
Bahamas,December,2022,0,0,
Bahrain,January,2022,1,0,9
Bahrain,February,2022,0,0,
Bahrain,March,2022,0,0,
Bahrain,April,2022,1,0,
Bahrain,May,2022,1,0,
Bahrain,June,2022,0,0,
Bahrain,July,2022,0,0,
Bahrain,August,2022,1,0,
Bahrain,September,2022,1,0,
Bahrain,October,2022,2,0,
Bahrain,November,2022,1,0,
Bahrain,December,2022,1,0,
Bailiwick of Guernsey,January,2022,0,0,0
Bailiwick of Guernsey,February,2022,0,0,
Bailiwick of Guernsey,March,2022,0,0,
Bailiwick of Guernsey,April,2022,0,0,
Bailiwick of Guernsey,May,2022,0,0,
Bailiwick of Guernsey,June,2022,0,0,
Bailiwick of Guernsey,July,2022,0,0,
Bailiwick of Guernsey,August,2022,0,0,
Bailiwick of Guernsey,September,2022,0,0,
Bailiwick of Guernsey,October,2022,0,0,
Bailiwick of Guernsey,November,2022,0,0,
Bailiwick of Guernsey,December,2022,0,0,
Bailiwick of Jersey,January,2022,0,0,0
Bailiwick of Jersey,February,2022,0,0,
Bailiwick of Jersey,March,2022,0,0,
Bailiwick of Jersey,April,2022,0,0,
Bailiwick of Jersey,May,2022,0,0,
Bailiwick of Jersey,June,2022,0,0,
Bailiwick of Jersey,July,2022,0,0,
Bailiwick of Jersey,August,2022,0,0,
Bailiwick of Jersey,September,2022,0,0,
Bailiwick of Jersey,October,2022,0,0,
Bailiwick of Jersey,November,2022,0,0,
Bailiwick of Jersey,December,2022,0,0,
Bangladesh,January,2022,92,43,877
Bangladesh,February,2022,59,24,
Bangladesh,March,2022,61,25,
Bangladesh,April,2022,59,24,
Bangladesh,May,2022,60,20,
Bangladesh,June,2022,54,21,
Bangladesh,July,2022,65,20,
Bangladesh,August,2022,64,15,
Bangladesh,September,2022,92,32,
Bangladesh,October,2022,90,29,
Bangladesh,November,2022,100,30,
Bangladesh,December,2022,81,20,
Barbados,January,2022,0,0,0
Barbados,February,2022,0,0,
Barbados,March,2022,0,0,
Barbados,April,2022,0,0,
Barbados,May,2022,0,0,
Barbados,June,2022,0,0,
Barbados,July,2022,0,0,
Barbados,August,2022,0,0,
Barbados,September,2022,0,0,
Barbados,October,2022,0,0,
Barbados,November,2022,0,0,
Barbados,December,2022,0,0,
Belarus,January,2022,3,0,46
Belarus,February,2022,8,0,
Belarus,March,2022,10,1,
Belarus,April,2022,6,2,
Belarus,May,2022,5,1,
Belarus,June,2022,3,0,
Belarus,July,2022,1,0,
Belarus,August,2022,2,0,
Belarus,September,2022,2,0,
Belarus,October,2022,1,0,
Belarus,November,2022,4,0,
Belarus,December,2022,1,0,
Belgium,January,2022,0,0,15
Belgium,February,2022,1,0,
Belgium,March,2022,0,0,
Belgium,April,2022,0,0,
Belgium,May,2022,1,0,
Belgium,June,2022,0,0,
Belgium,July,2022,0,0,
Belgium,August,2022,1,0,
Belgium,September,2022,1,1,
Belgium,October,2022,1,0,
Belgium,November,2022,4,1,
Belgium,December,2022,6,0,
Belize,January,2022,10,7,76
Belize,February,2022,8,4,
Belize,March,2022,8,2,
Belize,April,2022,3,1,
Belize,May,2022,6,2,
Belize,June,2022,8,6,
Belize,July,2022,5,4,
Belize,August,2022,2,1,
Belize,September,2022,6,3,
Belize,October,2022,4,2,
Belize,November,2022,7,6,
Belize,December,2022,9,10,
Benin,January,2022,13,16,181
Benin,February,2022,10,12,
Benin,March,2022,13,14,
Benin,April,2022,7,9,
Benin,May,2022,8,9,
Benin,June,2022,12,16,
Benin,July,2022,33,46,
Benin,August,2022,7,2,
Benin,September,2022,18,10,
Benin,October,2022,25,15,
Benin,November,2022,23,19,
Benin,December,2022,12,6,
Bermuda,January,2022,0,0,0
Bermuda,February,2022,0,0,
Bermuda,March,2022,0,0,
Bermuda,April,2022,0,0,
Bermuda,May,2022,0,0,
Bermuda,June,2022,0,0,
Bermuda,July,2022,0,0,
Bermuda,August,2022,0,0,
Bermuda,September,2022,0,0,
Bermuda,October,2022,0,0,
Bermuda,November,2022,0,0,
Bermuda,December,2022,0,0,
Bhutan,January,2022,0,0,2
Bhutan,February,2022,0,0,
Bhutan,March,2022,0,0,
Bhutan,April,2022,1,0,
Bhutan,May,2022,1,0,
Bhutan,June,2022,0,0,
Bhutan,July,2022,0,0,
Bhutan,August,2022,0,0,
Bhutan,September,2022,0,0,
Bhutan,October,2022,0,0,
Bhutan,November,2022,0,0,
Bhutan,December,2022,0,0,
Bolivia,January,2022,3,0,63
Bolivia,February,2022,0,0,
Bolivia,March,2022,5,1,
Bolivia,April,2022,9,2,
Bolivia,May,2022,7,2,
Bolivia,June,2022,9,3,
Bolivia,July,2022,9,0,
Bolivia,August,2022,4,0,
Bolivia,September,2022,5,1,
Bolivia,October,2022,5,0,
Bolivia,November,2022,0,0,
Bolivia,December,2022,7,0,
Bosnia and Herzegovina,January,2022,2,0,7
Bosnia and Herzegovina,February,2022,1,0,
Bosnia and Herzegovina,March,2022,1,1,
Bosnia and Herzegovina,April,2022,0,0,
Bosnia and Herzegovina,May,2022,0,0,
Bosnia and Herzegovina,June,2022,0,0,
Bosnia and Herzegovina,July,2022,0,0,
Bosnia and Herzegovina,August,2022,0,0,
Bosnia and Herzegovina,September,2022,1,0,
Bosnia and Herzegovina,October,2022,2,0,
Bosnia and Herzegovina,November,2022,0,0,
Bosnia and Herzegovina,December,2022,0,0,
Botswana,January,2022,0,0,7
Botswana,February,2022,3,2,
Botswana,March,2022,0,0,
Botswana,April,2022,0,0,
Botswana,May,2022,0,0,
Botswana,June,2022,0,0,
Botswana,July,2022,2,1,
Botswana,August,2022,1,0,
Botswana,September,2022,0,0,
Botswana,October,2022,0,0,
Botswana,November,2022,0,0,
Botswana,December,2022,1,1,
Brazil,January,2022,645,500,9187
Brazil,February,2022,585,506,
Brazil,March,2022,689,555,
Brazil,April,2022,717,577,
Brazil,May,2022,840,687,
Brazil,June,2022,755,564,
Brazil,July,2022,889,627,
Brazil,August,2022,900,657,
Brazil,September,2022,810,594,
Brazil,October,2022,818,597,
Brazil,November,2022,817,611,
Brazil,December,2022,722,581,
British Indian Ocean Territory,January,2022,0,0,0
British Indian Ocean Territory,February,2022,0,0,
British Indian Ocean Territory,March,2022,0,0,
British Indian Ocean Territory,April,2022,0,0,
British Indian Ocean Territory,May,2022,0,0,
British Indian Ocean Territory,June,2022,0,0,
British Indian Ocean Territory,July,2022,0,0,
British Indian Ocean Territory,August,2022,0,0,
British Indian Ocean Territory,September,2022,0,0,
British Indian Ocean Territory,October,2022,0,0,
British Indian Ocean Territory,November,2022,0,0,
British Indian Ocean Territory,December,2022,0,0,
British Virgin Islands,January,2022,0,0,0
British Virgin Islands,February,2022,0,0,
British Virgin Islands,March,2022,0,0,
British Virgin Islands,April,2022,0,0,
British Virgin Islands,May,2022,0,0,
British Virgin Islands,June,2022,0,0,
British Virgin Islands,July,2022,0,0,
British Virgin Islands,August,2022,0,0,
British Virgin Islands,September,2022,0,0,
British Virgin Islands,October,2022,0,0,
British Virgin Islands,November,2022,0,0,
British Virgin Islands,December,2022,0,0,
Brunei,January,2022,0,0,0
Brunei,February,2022,0,0,
Brunei,March,2022,0,0,
Brunei,April,2022,0,0,
Brunei,May,2022,0,0,
Brunei,June,2022,0,0,
Brunei,July,2022,0,0,
Brunei,August,2022,0,0,
Brunei,September,2022,0,0,
Brunei,October,2022,0,0,
Brunei,November,2022,0,0,
Brunei,December,2022,0,0,
Bulgaria,January,2022,0,0,2
Bulgaria,February,2022,0,0,
Bulgaria,March,2022,0,0,
Bulgaria,April,2022,0,0,
Bulgaria,May,2022,1,0,
Bulgaria,June,2022,0,0,
Bulgaria,July,2022,0,0,
Bulgaria,August,2022,0,0,
Bulgaria,September,2022,0,0,
Bulgaria,October,2022,1,0,
Bulgaria,November,2022,0,0,
Bulgaria,December,2022,0,0,
Cambodia,January,2022,0,0,6
Cambodia,February,2022,0,0,
Cambodia,March,2022,0,0,
Cambodia,April,2022,2,1,
Cambodia,May,2022,1,0,
Cambodia,June,2022,0,0,
Cambodia,July,2022,1,0,
Cambodia,August,2022,0,0,
Cambodia,September,2022,0,0,
Cambodia,October,2022,1,0,
Cambodia,November,2022,0,0,
Cambodia,December,2022,1,0,
Canada,January,2022,0,0,10
Canada,February,2022,1,0,
Canada,March,2022,3,0,
Canada,April,2022,1,0,
Canada,May,2022,0,0,
Canada,June,2022,1,0,
Canada,July,2022,3,0,
Canada,August,2022,1,0,
Canada,September,2022,0,0,
Canada,October,2022,0,0,
Canada,November,2022,0,0,
Canada,December,2022,0,0,
Cape Verde,January,2022,1,0,3
Cape Verde,February,2022,0,0,
Cape Verde,March,2022,1,0,
Cape Verde,April,2022,0,0,
Cape Verde,May,2022,0,0,
Cape Verde,June,2022,0,0,
Cape Verde,July,2022,0,0,
Cape Verde,August,2022,0,0,
Cape Verde,September,2022,0,0,
Cape Verde,October,2022,0,0,
Cape Verde,November,2022,0,0,
Cape Verde,December,2022,1,0,
Caribbean Netherlands,January,2022,0,0,0
Caribbean Netherlands,February,2022,0,0,
Caribbean Netherlands,March,2022,0,0,
Caribbean Netherlands,April,2022,0,0,
Caribbean Netherlands,May,2022,0,0,
Caribbean Netherlands,June,2022,0,0,
Caribbean Netherlands,July,2022,0,0,
Caribbean Netherlands,August,2022,0,0,
Caribbean Netherlands,September,2022,0,0,
Caribbean Netherlands,October,2022,0,0,
Caribbean Netherlands,November,2022,0,0,
Caribbean Netherlands,December,2022,0,0,
Cayman Islands,January,2022,0,0,0
Cayman Islands,February,2022,0,0,
Cayman Islands,March,2022,0,0,
Cayman Islands,April,2022,0,0,
Cayman Islands,May,2022,0,0,
Cayman Islands,June,2022,0,0,
Cayman Islands,July,2022,0,0,
Cayman Islands,August,2022,0,0,
Cayman Islands,September,2022,0,0,
Cayman Islands,October,2022,0,0,
Cayman Islands,November,2022,0,0,
Cayman Islands,December,2022,0,0,
Chile,January,2022,12,5,208
Chile,February,2022,12,2,
Chile,March,2022,19,2,
Chile,April,2022,43,1,
Chile,May,2022,31,2,
Chile,June,2022,11,1,
Chile,July,2022,12,0,
Chile,August,2022,25,1,
Chile,September,2022,9,0,
Chile,October,2022,18,0,
Chile,November,2022,8,0,
Chile,December,2022,8,0,
China,January,2022,11,0,199
China,February,2022,17,0,
China,March,2022,23,1,
China,April,2022,17,0,
China,May,2022,19,0,
China,June,2022,21,1,
China,July,2022,12,0,
China,August,2022,19,1,
China,September,2022,27,1,
China,October,2022,13,0,
China,November,2022,12,0,
China,December,2022,8,0,
Christmas Island,January,2022,0,0,0
Christmas Island,February,2022,0,0,
Christmas Island,March,2022,0,0,
Christmas Island,April,2022,0,0,
Christmas Island,May,2022,0,0,
Christmas Island,June,2022,0,0,
Christmas Island,July,2022,0,0,
Christmas Island,August,2022,0,0,
Christmas Island,September,2022,0,0,
Christmas Island,October,2022,0,0,
Christmas Island,November,2022,0,0,
Christmas Island,December,2022,0,0,
Cocos (Keeling) Islands,January,2022,0,0,0
Cocos (Keeling) Islands,February,2022,0,0,
Cocos (Keeling) Islands,March,2022,0,0,
Cocos (Keeling) Islands,April,2022,0,0,
Cocos (Keeling) Islands,May,2022,0,0,
Cocos (Keeling) Islands,June,2022,0,0,
Cocos (Keeling) Islands,July,2022,0,0,
Cocos (Keeling) Islands,August,2022,0,0,
Cocos (Keeling) Islands,September,2022,0,0,
Cocos (Keeling) Islands,October,2022,0,0,
Cocos (Keeling) Islands,November,2022,0,0,
Cocos (Keeling) Islands,December,2022,0,0,
Comoros,January,2022,0,0,12
Comoros,February,2022,2,0,
Comoros,March,2022,2,0,
Comoros,April,2022,0,0,
Comoros,May,2022,0,0,
Comoros,June,2022,2,0,
Comoros,July,2022,0,0,
Comoros,August,2022,2,2,
Comoros,September,2022,2,0,
Comoros,October,2022,2,0,
Comoros,November,2022,0,0,
Comoros,December,2022,0,0,
Cook Islands,January,2022,0,0,0
Cook Islands,February,2022,0,0,
Cook Islands,March,2022,0,0,
Cook Islands,April,2022,0,0,
Cook Islands,May,2022,0,0,
Cook Islands,June,2022,0,0,
Cook Islands,July,2022,0,0,
Cook Islands,August,2022,0,0,
Cook Islands,September,2022,0,0,
Cook Islands,October,2022,0,0,
Cook Islands,November,2022,0,0,
Cook Islands,December,2022,0,0,
Costa Rica,January,2022,2,1,12
Costa Rica,February,2022,1,0,
Costa Rica,March,2022,0,0,
Costa Rica,April,2022,1,0,
Costa Rica,May,2022,2,0,
Costa Rica,June,2022,0,0,
Costa Rica,July,2022,2,1,
Costa Rica,August,2022,2,0,
Costa Rica,September,2022,1,0,
Costa Rica,October,2022,1,0,
Costa Rica,November,2022,0,0,
Costa Rica,December,2022,0,0,
Croatia,January,2022,0,0,0
Croatia,February,2022,0,0,
Croatia,March,2022,0,0,
Croatia,April,2022,0,0,
Croatia,May,2022,0,0,
Croatia,June,2022,0,0,
Croatia,July,2022,0,0,
Croatia,August,2022,0,0,
Croatia,September,2022,0,0,
Croatia,October,2022,0,0,
Croatia,November,2022,0,0,
Croatia,December,2022,0,0,
Cuba,January,2022,3,0,77
Cuba,February,2022,8,0,
Cuba,March,2022,9,0,
Cuba,April,2022,4,0,
Cuba,May,2022,7,0,
Cuba,June,2022,5,1,
Cuba,July,2022,12,1,
Cuba,August,2022,3,0,
Cuba,September,2022,6,0,
Cuba,October,2022,9,0,
Cuba,November,2022,3,0,
Cuba,December,2022,8,0,
Curacao,January,2022,0,0,1
Curacao,February,2022,0,0,
Curacao,March,2022,0,0,
Curacao,April,2022,0,0,
Curacao,May,2022,1,0,
Curacao,June,2022,0,0,
Curacao,July,2022,0,0,
Curacao,August,2022,0,0,
Curacao,September,2022,0,0,
Curacao,October,2022,0,0,
Curacao,November,2022,0,0,
Curacao,December,2022,0,0,
Cyprus,January,2022,3,0,33
Cyprus,February,2022,4,0,
Cyprus,March,2022,1,0,
Cyprus,April,2022,4,0,
Cyprus,May,2022,4,0,
Cyprus,June,2022,0,0,
Cyprus,July,2022,3,0,
Cyprus,August,2022,1,0,
Cyprus,September,2022,1,0,
Cyprus,October,2022,6,1,
Cyprus,November,2022,2,0,
Cyprus,December,2022,4,0,
Czech Republic,January,2022,0,0,2
Czech Republic,February,2022,0,0,
Czech Republic,March,2022,0,0,
Czech Republic,April,2022,0,0,
Czech Republic,May,2022,0,0,
Czech Republic,June,2022,0,0,
Czech Republic,July,2022,1,0,
Czech Republic,August,2022,0,0,
Czech Republic,September,2022,0,0,
Czech Republic,October,2022,1,0,
Czech Republic,November,2022,0,0,
Czech Republic,December,2022,0,0,
Denmark,January,2022,0,0,2
Denmark,February,2022,0,0,
Denmark,March,2022,0,0,
Denmark,April,2022,0,0,
Denmark,May,2022,0,0,
Denmark,June,2022,0,0,
Denmark,July,2022,0,0,
Denmark,August,2022,0,0,
Denmark,September,2022,0,0,
Denmark,October,2022,0,0,
Denmark,November,2022,0,0,
Denmark,December,2022,2,0,
Djibouti,January,2022,0,0,4
Djibouti,February,2022,0,0,
Djibouti,March,2022,0,0,
Djibouti,April,2022,0,0,
Djibouti,May,2022,3,0,
Djibouti,June,2022,0,0,
Djibouti,July,2022,0,0,
Djibouti,August,2022,0,0,
Djibouti,September,2022,0,0,
Djibouti,October,2022,1,7,
Djibouti,November,2022,0,0,
Djibouti,December,2022,0,0,
Dominica,January,2022,0,0,0
Dominica,February,2022,0,0,
Dominica,March,2022,0,0,
Dominica,April,2022,0,0,
Dominica,May,2022,0,0,
Dominica,June,2022,0,0,
Dominica,July,2022,0,0,
Dominica,August,2022,0,0,
Dominica,September,2022,0,0,
Dominica,October,2022,0,0,
Dominica,November,2022,0,0,
Dominica,December,2022,0,0,
Dominican Republic,January,2022,4,3,45
Dominican Republic,February,2022,4,1,
Dominican Republic,March,2022,4,1,
Dominican Republic,April,2022,5,1,
Dominican Republic,May,2022,6,0,
Dominican Republic,June,2022,4,3,
Dominican Republic,July,2022,4,1,
Dominican Republic,August,2022,1,1,
Dominican Republic,September,2022,2,2,
Dominican Republic,October,2022,5,2,
Dominican Republic,November,2022,2,2,
Dominican Republic,December,2022,4,3,
East Timor,January,2022,2,2,3
East Timor,February,2022,0,0,
East Timor,March,2022,1,0,
East Timor,April,2022,0,0,
East Timor,May,2022,0,0,
East Timor,June,2022,0,0,
East Timor,July,2022,0,0,
East Timor,August,2022,0,0,
East Timor,September,2022,0,0,
East Timor,October,2022,0,0,
East Timor,November,2022,0,0,
East Timor,December,2022,0,0,
Ecuador,January,2022,3,2,76
Ecuador,February,2022,2,1,
Ecuador,March,2022,4,1,
Ecuador,April,2022,2,0,
Ecuador,May,2022,7,2,
Ecuador,June,2022,11,1,
Ecuador,July,2022,4,1,
Ecuador,August,2022,7,6,
Ecuador,September,2022,13,4,
Ecuador,October,2022,7,2,
Ecuador,November,2022,5,1,
Ecuador,December,2022,11,7,
Egypt,January,2022,12,13,192
Egypt,February,2022,16,13,
Egypt,March,2022,38,76,
Egypt,April,2022,31,37,
Egypt,May,2022,9,26,
Egypt,June,2022,23,26,
Egypt,July,2022,16,12,
Egypt,August,2022,26,30,
Egypt,September,2022,7,6,
Egypt,October,2022,3,6,
Egypt,November,2022,5,18,
Egypt,December,2022,6,9,
El Salvador,January,2022,29,24,282
El Salvador,February,2022,29,29,
El Salvador,March,2022,84,92,
El Salvador,April,2022,24,20,
El Salvador,May,2022,24,20,
El Salvador,June,2022,25,24,
El Salvador,July,2022,14,10,
El Salvador,August,2022,13,16,
El Salvador,September,2022,11,12,
El Salvador,October,2022,12,9,
El Salvador,November,2022,11,11,
El Salvador,December,2022,6,7,
Equatorial Guinea,January,2022,0,0,1
Equatorial Guinea,February,2022,0,0,
Equatorial Guinea,March,2022,0,0,
Equatorial Guinea,April,2022,0,0,
Equatorial Guinea,May,2022,0,0,
Equatorial Guinea,June,2022,0,0,
Equatorial Guinea,July,2022,0,0,
Equatorial Guinea,August,2022,0,0,
Equatorial Guinea,September,2022,1,4,
Equatorial Guinea,October,2022,0,0,
Equatorial Guinea,November,2022,0,0,
Equatorial Guinea,December,2022,0,0,
Eritrea,January,2022,0,0,4
Eritrea,February,2022,0,0,
Eritrea,March,2022,2,0,
Eritrea,April,2022,0,0,
Eritrea,May,2022,1,0,
Eritrea,June,2022,0,0,
Eritrea,July,2022,0,0,
Eritrea,August,2022,0,0,
Eritrea,September,2022,1,0,
Eritrea,October,2022,0,0,
Eritrea,November,2022,0,0,
Eritrea,December,2022,0,0,
Estonia,January,2022,0,0,0
Estonia,February,2022,0,0,
Estonia,March,2022,0,0,
Estonia,April,2022,0,0,
Estonia,May,2022,0,0,
Estonia,June,2022,0,0,
Estonia,July,2022,0,0,
Estonia,August,2022,0,0,
Estonia,September,2022,0,0,
Estonia,October,2022,0,0,
Estonia,November,2022,0,0,
Estonia,December,2022,0,0,
eSwatini,January,2022,9,0,120
eSwatini,February,2022,17,6,
eSwatini,March,2022,9,0,
eSwatini,April,2022,4,0,
eSwatini,May,2022,6,0,
eSwatini,June,2022,7,2,
eSwatini,July,2022,12,7,
eSwatini,August,2022,10,6,
eSwatini,September,2022,12,0,
eSwatini,October,2022,8,1,
eSwatini,November,2022,18,9,
eSwatini,December,2022,8,2,
Falkland Islands,January,2022,0,0,0
Falkland Islands,February,2022,0,0,
Falkland Islands,March,2022,0,0,
Falkland Islands,April,2022,0,0,
Falkland Islands,May,2022,0,0,
Falkland Islands,June,2022,0,0,
Falkland Islands,July,2022,0,0,
Falkland Islands,August,2022,0,0,
Falkland Islands,September,2022,0,0,
Falkland Islands,October,2022,0,0,
Falkland Islands,November,2022,0,0,
Falkland Islands,December,2022,0,0,
Faroe Islands,January,2022,0,0,0
Faroe Islands,February,2022,0,0,
Faroe Islands,March,2022,0,0,
Faroe Islands,April,2022,0,0,
Faroe Islands,May,2022,0,0,
Faroe Islands,June,2022,0,0,
Faroe Islands,July,2022,0,0,
Faroe Islands,August,2022,0,0,
Faroe Islands,September,2022,0,0,
Faroe Islands,October,2022,0,0,
Faroe Islands,November,2022,0,0,
Faroe Islands,December,2022,0,0,
Fiji,January,2022,0,0,2
Fiji,February,2022,0,0,
Fiji,March,2022,0,0,
Fiji,April,2022,0,0,
Fiji,May,2022,0,0,
Fiji,June,2022,0,0,
Fiji,July,2022,0,0,
Fiji,August,2022,0,0,
Fiji,September,2022,0,0,
Fiji,October,2022,2,0,
Fiji,November,2022,0,0,
Fiji,December,2022,0,0,
Finland,January,2022,0,0,2
Finland,February,2022,0,0,
Finland,March,2022,0,0,
Finland,April,2022,0,0,
Finland,May,2022,0,0,
Finland,June,2022,0,0,
Finland,July,2022,1,0,
Finland,August,2022,1,0,
Finland,September,2022,0,0,
Finland,October,2022,0,0,
Finland,November,2022,0,0,
Finland,December,2022,0,0,
France,January,2022,4,0,143
France,February,2022,7,0,
France,March,2022,19,2,
France,April,2022,17,2,
France,May,2022,11,1,
France,June,2022,7,1,
France,July,2022,37,1,
France,August,2022,15,3,
France,September,2022,6,0,
France,October,2022,9,1,
France,November,2022,3,0,
France,December,2022,8,3,
French Guiana,January,2022,0,0,0
French Guiana,February,2022,0,0,
French Guiana,March,2022,0,0,
French Guiana,April,2022,0,0,
French Guiana,May,2022,0,0,
French Guiana,June,2022,0,0,
French Guiana,July,2022,0,0,
French Guiana,August,2022,0,0,
French Guiana,September,2022,0,0,
French Guiana,October,2022,0,0,
French Guiana,November,2022,0,0,
French Guiana,December,2022,0,0,
French Polynesia,January,2022,0,0,0
French Polynesia,February,2022,0,0,
French Polynesia,March,2022,0,0,
French Polynesia,April,2022,0,0,
French Polynesia,May,2022,0,0,
French Polynesia,June,2022,0,0,
French Polynesia,July,2022,0,0,
French Polynesia,August,2022,0,0,
French Polynesia,September,2022,0,0,
French Polynesia,October,2022,0,0,
French Polynesia,November,2022,0,0,
French Polynesia,December,2022,0,0,
Gabon,January,2022,0,0,5
Gabon,February,2022,0,0,
Gabon,March,2022,1,0,
Gabon,April,2022,1,0,
Gabon,May,2022,0,0,
Gabon,June,2022,0,0,
Gabon,July,2022,0,0,
Gabon,August,2022,0,0,
Gabon,September,2022,1,0,
Gabon,October,2022,0,0,
Gabon,November,2022,2,0,
Gabon,December,2022,0,0,
Gambia,January,2022,1,3,6
Gambia,February,2022,0,0,
Gambia,March,2022,2,0,
Gambia,April,2022,0,0,
Gambia,May,2022,1,0,
Gambia,June,2022,0,0,
Gambia,July,2022,0,0,
Gambia,August,2022,1,1,
Gambia,September,2022,0,0,
Gambia,October,2022,1,0,
Gambia,November,2022,0,0,
Gambia,December,2022,0,0,
Georgia,January,2022,0,0,13
Georgia,February,2022,1,0,
Georgia,March,2022,3,0,
Georgia,April,2022,0,0,
Georgia,May,2022,1,0,
Georgia,June,2022,6,0,
Georgia,July,2022,0,0,
Georgia,August,2022,1,0,
Georgia,September,2022,0,0,
Georgia,October,2022,1,0,
Georgia,November,2022,0,0,
Georgia,December,2022,0,0,
Germany,January,2022,2,0,17
Germany,February,2022,2,0,
Germany,March,2022,0,0,
Germany,April,2022,0,0,
Germany,May,2022,3,1,
Germany,June,2022,2,0,
Germany,July,2022,1,0,
Germany,August,2022,2,0,
Germany,September,2022,1,0,
Germany,October,2022,4,0,
Germany,November,2022,0,0,
Germany,December,2022,0,0,
Ghana,January,2022,21,14,198
Ghana,February,2022,7,1,
Ghana,March,2022,10,6,
Ghana,April,2022,9,14,
Ghana,May,2022,16,9,
Ghana,June,2022,11,4,
Ghana,July,2022,22,10,
Ghana,August,2022,21,10,
Ghana,September,2022,20,17,
Ghana,October,2022,16,5,
Ghana,November,2022,30,23,
Ghana,December,2022,15,25,
Gibraltar,January,2022,0,0,0
Gibraltar,February,2022,0,0,
Gibraltar,March,2022,0,0,
Gibraltar,April,2022,0,0,
Gibraltar,May,2022,0,0,
Gibraltar,June,2022,0,0,
Gibraltar,July,2022,0,0,
Gibraltar,August,2022,0,0,
Gibraltar,September,2022,0,0,
Gibraltar,October,2022,0,0,
Gibraltar,November,2022,0,0,
Gibraltar,December,2022,0,0,
Greece,January,2022,15,0,114
Greece,February,2022,11,0,
Greece,March,2022,6,0,
Greece,April,2022,9,1,
Greece,May,2022,11,0,
Greece,June,2022,9,0,
Greece,July,2022,11,0,
Greece,August,2022,2,0,
Greece,September,2022,6,1,
Greece,October,2022,10,0,
Greece,November,2022,10,0,
Greece,December,2022,14,1,
Greenland,January,2022,0,0,0
Greenland,February,2022,0,0,
Greenland,March,2022,0,0,
Greenland,April,2022,0,0,
Greenland,May,2022,0,0,
Greenland,June,2022,0,0,
Greenland,July,2022,0,0,
Greenland,August,2022,0,0,
Greenland,September,2022,0,0,
Greenland,October,2022,0,0,
Greenland,November,2022,0,0,
Greenland,December,2022,0,0,
Grenada,January,2022,0,0,0
Grenada,February,2022,0,0,
Grenada,March,2022,0,0,
Grenada,April,2022,0,0,
Grenada,May,2022,0,0,
Grenada,June,2022,0,0,
Grenada,July,2022,0,0,
Grenada,August,2022,0,0,
Grenada,September,2022,0,0,
Grenada,October,2022,0,0,
Grenada,November,2022,0,0,
Grenada,December,2022,0,0,
Guadeloupe,January,2022,0,0,1
Guadeloupe,February,2022,0,0,
Guadeloupe,March,2022,0,0,
Guadeloupe,April,2022,0,0,
Guadeloupe,May,2022,0,0,
Guadeloupe,June,2022,1,0,
Guadeloupe,July,2022,0,0,
Guadeloupe,August,2022,0,0,
Guadeloupe,September,2022,0,0,
Guadeloupe,October,2022,0,0,
Guadeloupe,November,2022,0,0,
Guadeloupe,December,2022,0,0,
Guam,January,2022,0,0,0
Guam,February,2022,0,0,
Guam,March,2022,0,0,
Guam,April,2022,0,0,
Guam,May,2022,0,0,
Guam,June,2022,0,0,
Guam,July,2022,0,0,
Guam,August,2022,0,0,
Guam,September,2022,0,0,
Guam,October,2022,0,0,
Guam,November,2022,0,0,
Guam,December,2022,0,0,
Guatemala,January,2022,77,69,805
Guatemala,February,2022,64,56,
Guatemala,March,2022,71,69,
Guatemala,April,2022,51,42,
Guatemala,May,2022,64,54,
Guatemala,June,2022,63,64,
Guatemala,July,2022,88,88,
Guatemala,August,2022,78,66,
Guatemala,September,2022,71,65,
Guatemala,October,2022,62,71,
Guatemala,November,2022,59,50,
Guatemala,December,2022,57,47,
Guinea,January,2022,6,0,56
Guinea,February,2022,5,3,
Guinea,March,2022,4,0,
Guinea,April,2022,5,3,
Guinea,May,2022,5,2,
Guinea,June,2022,3,3,
Guinea,July,2022,4,0,
Guinea,August,2022,3,0,
Guinea,September,2022,4,2,
Guinea,October,2022,6,3,
Guinea,November,2022,5,1,
Guinea,December,2022,6,2,
Guinea-Bissau,January,2022,0,0,13
Guinea-Bissau,February,2022,3,11,
Guinea-Bissau,March,2022,2,0,
Guinea-Bissau,April,2022,0,0,
Guinea-Bissau,May,2022,2,0,
Guinea-Bissau,June,2022,1,1,
Guinea-Bissau,July,2022,1,0,
Guinea-Bissau,August,2022,0,0,
Guinea-Bissau,September,2022,0,0,
Guinea-Bissau,October,2022,1,0,
Guinea-Bissau,November,2022,1,0,
Guinea-Bissau,December,2022,2,0,
Guyana,January,2022,1,0,9
Guyana,February,2022,0,0,
Guyana,March,2022,0,0,
Guyana,April,2022,0,0,
Guyana,May,2022,0,0,
Guyana,June,2022,2,1,
Guyana,July,2022,0,0,
Guyana,August,2022,0,0,
Guyana,September,2022,1,0,
Guyana,October,2022,0,0,
Guyana,November,2022,1,0,
Guyana,December,2022,4,0,
Heard Island and McDonald Islands,January,2022,0,0,0
Heard Island and McDonald Islands,February,2022,0,0,
Heard Island and McDonald Islands,March,2022,0,0,
Heard Island and McDonald Islands,April,2022,0,0,
Heard Island and McDonald Islands,May,2022,0,0,
Heard Island and McDonald Islands,June,2022,0,0,
Heard Island and McDonald Islands,July,2022,0,0,
Heard Island and McDonald Islands,August,2022,0,0,
Heard Island and McDonald Islands,September,2022,0,0,
Heard Island and McDonald Islands,October,2022,0,0,
Heard Island and McDonald Islands,November,2022,0,0,
Heard Island and McDonald Islands,December,2022,0,0,
Honduras,January,2022,58,75,610
Honduras,February,2022,35,41,
Honduras,March,2022,52,65,
Honduras,April,2022,49,47,
Honduras,May,2022,57,53,
Honduras,June,2022,49,55,
Honduras,July,2022,54,72,
Honduras,August,2022,49,55,
Honduras,September,2022,44,52,
Honduras,October,2022,50,59,
Honduras,November,2022,62,61,
Honduras,December,2022,51,59,
Hungary,January,2022,0,0,3
Hungary,February,2022,0,0,
Hungary,March,2022,2,0,
Hungary,April,2022,1,0,
Hungary,May,2022,0,0,
Hungary,June,2022,0,0,
Hungary,July,2022,0,0,
Hungary,August,2022,0,0,
Hungary,September,2022,0,0,
Hungary,October,2022,0,0,
Hungary,November,2022,0,0,
Hungary,December,2022,0,0,
Iceland,January,2022,0,0,0
Iceland,February,2022,0,0,
Iceland,March,2022,0,0,
Iceland,April,2022,0,0,
Iceland,May,2022,0,0,
Iceland,June,2022,0,0,
Iceland,July,2022,0,0,
Iceland,August,2022,0,0,
Iceland,September,2022,0,0,
Iceland,October,2022,0,0,
Iceland,November,2022,0,0,
Iceland,December,2022,0,0,
India,January,2022,184,89,2343
India,February,2022,310,69,
India,March,2022,291,133,
India,April,2022,239,99,
India,May,2022,189,98,
India,June,2022,159,88,
India,July,2022,164,45,
India,August,2022,185,70,
India,September,2022,208,56,
India,October,2022,163,52,
India,November,2022,125,60,
India,December,2022,126,38,
Indonesia,January,2022,17,11,199
Indonesia,February,2022,15,7,
Indonesia,March,2022,18,16,
Indonesia,April,2022,18,10,
Indonesia,May,2022,18,7,
Indonesia,June,2022,15,8,
Indonesia,July,2022,14,17,
Indonesia,August,2022,12,7,
Indonesia,September,2022,26,8,
Indonesia,October,2022,11,136,
Indonesia,November,2022,21,10,
Indonesia,December,2022,14,8,
Iran,January,2022,18,22,282
Iran,February,2022,11,12,
Iran,March,2022,18,11,
Iran,April,2022,15,12,
Iran,May,2022,15,15,
Iran,June,2022,14,11,
Iran,July,2022,22,27,
Iran,August,2022,14,9,
Iran,September,2022,26,23,
Iran,October,2022,45,60,
Iran,November,2022,54,65,
Iran,December,2022,30,27,
Iraq,January,2022,279,126,5724
Iraq,February,2022,232,126,
Iraq,March,2022,225,84,
Iraq,April,2022,484,148,
Iraq,May,2022,683,225,
Iraq,June,2022,621,150,
Iraq,July,2022,611,128,
Iraq,August,2022,576,163,
Iraq,September,2022,583,185,
Iraq,October,2022,531,122,
Iraq,November,2022,440,172,
Iraq,December,2022,459,267,
Ireland,January,2022,0,0,2
Ireland,February,2022,0,0,
Ireland,March,2022,0,0,
Ireland,April,2022,1,0,
Ireland,May,2022,0,0,
Ireland,June,2022,0,0,
Ireland,July,2022,0,0,
Ireland,August,2022,1,0,
Ireland,September,2022,0,0,
Ireland,October,2022,0,0,
Ireland,November,2022,0,0,
Ireland,December,2022,0,0,
Isle of Man,January,2022,0,0,0
Isle of Man,February,2022,0,0,
Isle of Man,March,2022,0,0,
Isle of Man,April,2022,0,0,
Isle of Man,May,2022,0,0,
Isle of Man,June,2022,0,0,
Isle of Man,July,2022,0,0,
Isle of Man,August,2022,0,0,
Isle of Man,September,2022,0,0,
Isle of Man,October,2022,0,0,
Isle of Man,November,2022,0,0,
Isle of Man,December,2022,0,0,
Israel,January,2022,12,0,117
Israel,February,2022,3,0,
Israel,March,2022,15,17,
Israel,April,2022,14,7,
Israel,May,2022,7,3,
Israel,June,2022,5,1,
Israel,July,2022,6,0,
Israel,August,2022,22,0,
Israel,September,2022,7,2,
Israel,October,2022,7,0,
Israel,November,2022,12,2,
Israel,December,2022,7,2,
Italy,January,2022,2,0,51
Italy,February,2022,6,0,
Italy,March,2022,3,0,
Italy,April,2022,4,0,
Italy,May,2022,4,0,
Italy,June,2022,9,0,
Italy,July,2022,3,0,
Italy,August,2022,3,0,
Italy,September,2022,5,0,
Italy,October,2022,4,0,
Italy,November,2022,1,0,
Italy,December,2022,7,1,
Ivory Coast,January,2022,6,4,63
Ivory Coast,February,2022,4,1,
Ivory Coast,March,2022,3,2,
Ivory Coast,April,2022,2,0,
Ivory Coast,May,2022,9,9,
Ivory Coast,June,2022,2,0,
Ivory Coast,July,2022,6,6,
Ivory Coast,August,2022,9,6,
Ivory Coast,September,2022,5,4,
Ivory Coast,October,2022,2,5,
Ivory Coast,November,2022,4,2,
Ivory Coast,December,2022,11,6,
Jamaica,January,2022,19,21,370
Jamaica,February,2022,22,20,
Jamaica,March,2022,31,39,
Jamaica,April,2022,25,26,
Jamaica,May,2022,36,36,
Jamaica,June,2022,35,42,
Jamaica,July,2022,28,34,
Jamaica,August,2022,45,39,
Jamaica,September,2022,38,41,
Jamaica,October,2022,40,34,
Jamaica,November,2022,27,25,
Jamaica,December,2022,24,22,
Japan,January,2022,0,0,1
Japan,February,2022,0,0,
Japan,March,2022,0,0,
Japan,April,2022,0,0,
Japan,May,2022,0,0,
Japan,June,2022,0,0,
Japan,July,2022,1,1,
Japan,August,2022,0,0,
Japan,September,2022,0,0,
Japan,October,2022,0,0,
Japan,November,2022,0,0,
Japan,December,2022,0,0,
Jordan,January,2022,0,0,12
Jordan,February,2022,0,0,
Jordan,March,2022,0,0,
Jordan,April,2022,0,0,
Jordan,May,2022,0,0,
Jordan,June,2022,0,0,
Jordan,July,2022,0,0,
Jordan,August,2022,1,1,
Jordan,September,2022,1,0,
Jordan,October,2022,4,1,
Jordan,November,2022,3,0,
Jordan,December,2022,3,4,
Kazakhstan,January,2022,97,47,146
Kazakhstan,February,2022,8,0,
Kazakhstan,March,2022,2,0,
Kazakhstan,April,2022,1,0,
Kazakhstan,May,2022,1,0,
Kazakhstan,June,2022,4,0,
Kazakhstan,July,2022,5,1,
Kazakhstan,August,2022,8,0,
Kazakhstan,September,2022,3,0,
Kazakhstan,October,2022,8,0,
Kazakhstan,November,2022,2,0,
Kazakhstan,December,2022,7,0,
Kenya,January,2022,70,103,991
Kenya,February,2022,80,90,
Kenya,March,2022,98,92,
Kenya,April,2022,79,39,
Kenya,May,2022,66,31,
Kenya,June,2022,85,44,
Kenya,July,2022,103,44,
Kenya,August,2022,109,40,
Kenya,September,2022,54,47,
Kenya,October,2022,75,41,
Kenya,November,2022,101,57,
Kenya,December,2022,71,61,
Kiribati,January,2022,0,0,0
Kiribati,February,2022,0,0,
Kiribati,March,2022,0,0,
Kiribati,April,2022,0,0,
Kiribati,May,2022,0,0,
Kiribati,June,2022,0,0,
Kiribati,July,2022,0,0,
Kiribati,August,2022,0,0,
Kiribati,September,2022,0,0,
Kiribati,October,2022,0,0,
Kiribati,November,2022,0,0,
Kiribati,December,2022,0,0,
Kosovo,January,2022,1,0,23
Kosovo,February,2022,0,0,
Kosovo,March,2022,0,0,
Kosovo,April,2022,1,0,
Kosovo,May,2022,1,0,
Kosovo,June,2022,0,0,
Kosovo,July,2022,3,0,
Kosovo,August,2022,2,0,
Kosovo,September,2022,1,0,
Kosovo,October,2022,0,0,
Kosovo,November,2022,1,0,
Kosovo,December,2022,13,0,
Kuwait,January,2022,0,0,0
Kuwait,February,2022,0,0,
Kuwait,March,2022,0,0,
Kuwait,April,2022,0,0,
Kuwait,May,2022,0,0,
Kuwait,June,2022,0,0,
Kuwait,July,2022,0,0,
Kuwait,August,2022,0,0,
Kuwait,September,2022,0,0,
Kuwait,October,2022,0,0,
Kuwait,November,2022,0,0,
Kuwait,December,2022,0,0,
Kyrgyzstan,January,2022,1,0,61
Kyrgyzstan,February,2022,2,0,
Kyrgyzstan,March,2022,5,0,
Kyrgyzstan,April,2022,4,1,
Kyrgyzstan,May,2022,2,3,
Kyrgyzstan,June,2022,6,0,
Kyrgyzstan,July,2022,2,0,
Kyrgyzstan,August,2022,7,0,
Kyrgyzstan,September,2022,23,64,
Kyrgyzstan,October,2022,3,0,
Kyrgyzstan,November,2022,3,0,
Kyrgyzstan,December,2022,3,0,
Laos,January,2022,0,0,0
Laos,February,2022,0,0,
Laos,March,2022,0,0,
Laos,April,2022,0,0,
Laos,May,2022,0,0,
Laos,June,2022,0,0,
Laos,July,2022,0,0,
Laos,August,2022,0,0,
Laos,September,2022,0,0,
Laos,October,2022,0,0,
Laos,November,2022,0,0,
Laos,December,2022,0,0,
Latvia,January,2022,0,0,0
Latvia,February,2022,0,0,
Latvia,March,2022,0,0,
Latvia,April,2022,0,0,
Latvia,May,2022,0,0,
Latvia,June,2022,0,0,
Latvia,July,2022,0,0,
Latvia,August,2022,0,0,
Latvia,September,2022,0,0,
Latvia,October,2022,0,0,
Latvia,November,2022,0,0,
Latvia,December,2022,0,0,
Lebanon,January,2022,6,0,260
Lebanon,February,2022,4,0,
Lebanon,March,2022,7,0,
Lebanon,April,2022,33,6,
Lebanon,May,2022,58,4,
Lebanon,June,2022,25,5,
Lebanon,July,2022,25,4,
Lebanon,August,2022,14,2,
Lebanon,September,2022,37,15,
Lebanon,October,2022,19,3,
Lebanon,November,2022,17,2,
Lebanon,December,2022,15,2,
Lesotho,January,2022,1,0,15
Lesotho,February,2022,3,2,
Lesotho,March,2022,1,1,
Lesotho,April,2022,2,2,
Lesotho,May,2022,1,0,
Lesotho,June,2022,4,6,
Lesotho,July,2022,1,0,
Lesotho,August,2022,0,0,
Lesotho,September,2022,2,3,
Lesotho,October,2022,0,0,
Lesotho,November,2022,0,0,
Lesotho,December,2022,0,0,
Liberia,January,2022,2,0,28
Liberia,February,2022,1,0,
Liberia,March,2022,2,0,
Liberia,April,2022,5,3,
Liberia,May,2022,2,0,
Liberia,June,2022,5,3,
Liberia,July,2022,3,2,
Liberia,August,2022,2,0,
Liberia,September,2022,0,0,
Liberia,October,2022,2,0,
Liberia,November,2022,2,2,
Liberia,December,2022,2,1,
Libya,January,2022,15,12,115
Libya,February,2022,8,21,
Libya,March,2022,5,1,
Libya,April,2022,13,13,
Libya,May,2022,10,16,
Libya,June,2022,17,8,
Libya,July,2022,11,21,
Libya,August,2022,10,33,
Libya,September,2022,7,8,
Libya,October,2022,6,4,
Libya,November,2022,7,15,
Libya,December,2022,6,5,
Liechtenstein,January,2022,0,0,0
Liechtenstein,February,2022,0,0,
Liechtenstein,March,2022,0,0,
Liechtenstein,April,2022,0,0,
Liechtenstein,May,2022,0,0,
Liechtenstein,June,2022,0,0,
Liechtenstein,July,2022,0,0,
Liechtenstein,August,2022,0,0,
Liechtenstein,September,2022,0,0,
Liechtenstein,October,2022,0,0,
Liechtenstein,November,2022,0,0,
Liechtenstein,December,2022,0,0,
Lithuania,January,2022,0,0,0
Lithuania,February,2022,0,0,
Lithuania,March,2022,0,0,
Lithuania,April,2022,0,0,
Lithuania,May,2022,0,0,
Lithuania,June,2022,0,0,
Lithuania,July,2022,0,0,
Lithuania,August,2022,0,0,
Lithuania,September,2022,0,0,
Lithuania,October,2022,0,0,
Lithuania,November,2022,0,0,
Lithuania,December,2022,0,0,
Luxembourg,January,2022,0,0,0
Luxembourg,February,2022,0,0,
Luxembourg,March,2022,0,0,
Luxembourg,April,2022,0,0,
Luxembourg,May,2022,0,0,
Luxembourg,June,2022,0,0,
Luxembourg,July,2022,0,0,
Luxembourg,August,2022,0,0,
Luxembourg,September,2022,0,0,
Luxembourg,October,2022,0,0,
Luxembourg,November,2022,0,0,
Luxembourg,December,2022,0,0,
Madagascar,January,2022,14,12,227
Madagascar,February,2022,16,8,
Madagascar,March,2022,11,11,
Madagascar,April,2022,11,16,
Madagascar,May,2022,27,23,
Madagascar,June,2022,7,3,
Madagascar,July,2022,5,40,
Madagascar,August,2022,26,84,
Madagascar,September,2022,23,36,
Madagascar,October,2022,23,41,
Madagascar,November,2022,32,30,
Madagascar,December,2022,32,41,
Malawi,January,2022,3,4,86
Malawi,February,2022,11,4,
Malawi,March,2022,5,3,
Malawi,April,2022,7,4,
Malawi,May,2022,13,5,
Malawi,June,2022,7,4,
Malawi,July,2022,9,5,
Malawi,August,2022,5,2,
Malawi,September,2022,1,1,
Malawi,October,2022,8,2,
Malawi,November,2022,13,4,
Malawi,December,2022,4,0,
Malaysia,January,2022,2,2,7
Malaysia,February,2022,1,1,
Malaysia,March,2022,1,1,
Malaysia,April,2022,1,0,
Malaysia,May,2022,0,0,
Malaysia,June,2022,0,0,
Malaysia,July,2022,0,0,
Malaysia,August,2022,0,0,
Malaysia,September,2022,0,0,
Malaysia,October,2022,1,0,
Malaysia,November,2022,1,0,
Malaysia,December,2022,0,0,
Maldives,January,2022,0,0,1
Maldives,February,2022,0,0,
Maldives,March,2022,0,0,
Maldives,April,2022,0,0,
Maldives,May,2022,0,0,
Maldives,June,2022,1,0,
Maldives,July,2022,0,0,
Maldives,August,2022,0,0,
Maldives,September,2022,0,0,
Maldives,October,2022,0,0,
Maldives,November,2022,0,0,
Maldives,December,2022,0,0,
Malta,January,2022,0,0,1
Malta,February,2022,0,0,
Malta,March,2022,0,0,
Malta,April,2022,0,0,
Malta,May,2022,0,0,
Malta,June,2022,1,0,
Malta,July,2022,0,0,
Malta,August,2022,0,0,
Malta,September,2022,0,0,
Malta,October,2022,0,0,
Malta,November,2022,0,0,
Malta,December,2022,0,0,
Marshall Islands,January,2022,0,0,0
Marshall Islands,February,2022,0,0,
Marshall Islands,March,2022,0,0,
Marshall Islands,April,2022,0,0,
Marshall Islands,May,2022,0,0,
Marshall Islands,June,2022,0,0,
Marshall Islands,July,2022,0,0,
Marshall Islands,August,2022,0,0,
Marshall Islands,September,2022,0,0,
Marshall Islands,October,2022,0,0,
Marshall Islands,November,2022,0,0,
Marshall Islands,December,2022,0,0,
Martinique,January,2022,0,0,0
Martinique,February,2022,0,0,
Martinique,March,2022,0,0,
Martinique,April,2022,0,0,
Martinique,May,2022,0,0,
Martinique,June,2022,0,0,
Martinique,July,2022,0,0,
Martinique,August,2022,0,0,
Martinique,September,2022,0,0,
Martinique,October,2022,0,0,
Martinique,November,2022,0,0,
Martinique,December,2022,0,0,
Mauritania,January,2022,0,0,7
Mauritania,February,2022,1,0,
Mauritania,March,2022,0,0,
Mauritania,April,2022,1,3,
Mauritania,May,2022,0,0,
Mauritania,June,2022,0,0,
Mauritania,July,2022,1,1,
Mauritania,August,2022,1,1,
Mauritania,September,2022,1,1,
Mauritania,October,2022,0,0,
Mauritania,November,2022,0,0,
Mauritania,December,2022,2,0,
Mauritius,January,2022,2,0,31
Mauritius,February,2022,3,2,
Mauritius,March,2022,3,1,
Mauritius,April,2022,3,0,
Mauritius,May,2022,5,0,
Mauritius,June,2022,4,0,
Mauritius,July,2022,0,0,
Mauritius,August,2022,6,0,
Mauritius,September,2022,2,0,
Mauritius,October,2022,2,0,
Mauritius,November,2022,0,0,
Mauritius,December,2022,1,0,
Mayotte,January,2022,0,0,25
Mayotte,February,2022,4,1,
Mayotte,March,2022,4,1,
Mayotte,April,2022,0,0,
Mayotte,May,2022,0,0,
Mayotte,June,2022,1,0,
Mayotte,July,2022,3,1,
Mayotte,August,2022,4,0,
Mayotte,September,2022,2,0,
Mayotte,October,2022,4,0,
Mayotte,November,2022,3,0,
Mayotte,December,2022,0,0,
Mexico,January,2022,616,675,7149
Mexico,February,2022,550,596,
Mexico,March,2022,584,646,
Mexico,April,2022,564,608,
Mexico,May,2022,665,743,
Mexico,June,2022,645,731,
Mexico,July,2022,566,605,
Mexico,August,2022,620,642,
Mexico,September,2022,542,620,
Mexico,October,2022,655,702,
Mexico,November,2022,581,597,
Mexico,December,2022,561,610,
Micronesia,January,2022,0,0,0
Micronesia,February,2022,0,0,
Micronesia,March,2022,0,0,
Micronesia,April,2022,0,0,
Micronesia,May,2022,0,0,
Micronesia,June,2022,0,0,
Micronesia,July,2022,0,0,
Micronesia,August,2022,0,0,
Micronesia,September,2022,0,0,
Micronesia,October,2022,0,0,
Micronesia,November,2022,0,0,
Micronesia,December,2022,0,0,
Moldova,January,2022,1,0,13
Moldova,February,2022,3,0,
Moldova,March,2022,0,0,
Moldova,April,2022,6,0,
Moldova,May,2022,1,0,
Moldova,June,2022,1,0,
Moldova,July,2022,0,0,
Moldova,August,2022,0,0,
Moldova,September,2022,0,0,
Moldova,October,2022,0,0,
Moldova,November,2022,1,0,
Moldova,December,2022,0,0,
Monaco,January,2022,0,0,0
Monaco,February,2022,0,0,
Monaco,March,2022,0,0,
Monaco,April,2022,0,0,
Monaco,May,2022,0,0,
Monaco,June,2022,0,0,
Monaco,July,2022,0,0,
Monaco,August,2022,0,0,
Monaco,September,2022,0,0,
Monaco,October,2022,0,0,
Monaco,November,2022,0,0,
Monaco,December,2022,0,0,
Mongolia,January,2022,0,0,0
Mongolia,February,2022,0,0,
Mongolia,March,2022,0,0,
Mongolia,April,2022,0,0,
Mongolia,May,2022,0,0,
Mongolia,June,2022,0,0,
Mongolia,July,2022,0,0,
Mongolia,August,2022,0,0,
Mongolia,September,2022,0,0,
Mongolia,October,2022,0,0,
Mongolia,November,2022,0,0,
Mongolia,December,2022,0,0,
Montenegro,January,2022,0,0,2
Montenegro,February,2022,0,0,
Montenegro,March,2022,0,0,
Montenegro,April,2022,0,0,
Montenegro,May,2022,0,0,
Montenegro,June,2022,0,0,
Montenegro,July,2022,1,0,
Montenegro,August,2022,0,0,
Montenegro,September,2022,0,0,
Montenegro,October,2022,0,0,
Montenegro,November,2022,0,0,
Montenegro,December,2022,1,0,
Montserrat,January,2022,0,0,0
Montserrat,February,2022,0,0,
Montserrat,March,2022,0,0,
Montserrat,April,2022,0,0,
Montserrat,May,2022,0,0,
Montserrat,June,2022,0,0,
Montserrat,July,2022,0,0,
Montserrat,August,2022,0,0,
Montserrat,September,2022,0,0,
Montserrat,October,2022,0,0,
Montserrat,November,2022,0,0,
Montserrat,December,2022,0,0,
Morocco,January,2022,9,7,84
Morocco,February,2022,8,0,
Morocco,March,2022,12,5,
Morocco,April,2022,3,0,
Morocco,May,2022,10,0,
Morocco,June,2022,8,25,
Morocco,July,2022,6,3,
Morocco,August,2022,7,0,
Morocco,September,2022,7,4,
Morocco,October,2022,4,1,
Morocco,November,2022,7,11,
Morocco,December,2022,3,0,
Namibia,January,2022,1,0,11
Namibia,February,2022,0,0,
Namibia,March,2022,3,2,
Namibia,April,2022,0,0,
Namibia,May,2022,2,0,
Namibia,June,2022,2,1,
Namibia,July,2022,0,0,
Namibia,August,2022,0,0,
Namibia,September,2022,0,0,
Namibia,October,2022,2,0,
Namibia,November,2022,1,0,
Namibia,December,2022,0,0,
Nauru,January,2022,0,0,0
Nauru,February,2022,0,0,
Nauru,March,2022,0,0,
Nauru,April,2022,0,0,
Nauru,May,2022,0,0,
Nauru,June,2022,0,0,
Nauru,July,2022,0,0,
Nauru,August,2022,0,0,
Nauru,September,2022,0,0,
Nauru,October,2022,0,0,
Nauru,November,2022,0,0,
Nauru,December,2022,0,0,
Nepal,January,2022,6,0,415
Nepal,February,2022,4,0,
Nepal,March,2022,9,1,
Nepal,April,2022,19,1,
Nepal,May,2022,221,4,
Nepal,June,2022,14,0,
Nepal,July,2022,14,0,
Nepal,August,2022,8,0,
Nepal,September,2022,13,1,
Nepal,October,2022,14,2,
Nepal,November,2022,79,3,
Nepal,December,2022,14,1,
Netherlands,January,2022,0,0,9
Netherlands,February,2022,0,0,
Netherlands,March,2022,0,0,
Netherlands,April,2022,0,0,
Netherlands,May,2022,0,0,
Netherlands,June,2022,0,0,
Netherlands,July,2022,1,0,
Netherlands,August,2022,0,0,
Netherlands,September,2022,1,0,
Netherlands,October,2022,1,0,
Netherlands,November,2022,3,0,
Netherlands,December,2022,3,0,
New Caledonia,January,2022,0,0,0
New Caledonia,February,2022,0,0,
New Caledonia,March,2022,0,0,
New Caledonia,April,2022,0,0,
New Caledonia,May,2022,0,0,
New Caledonia,June,2022,0,0,
New Caledonia,July,2022,0,0,
New Caledonia,August,2022,0,0,
New Caledonia,September,2022,0,0,
New Caledonia,October,2022,0,0,
New Caledonia,November,2022,0,0,
New Caledonia,December,2022,0,0,
New Zealand,January,2022,0,0,0
New Zealand,February,2022,0,0,
New Zealand,March,2022,0,0,
New Zealand,April,2022,0,0,
New Zealand,May,2022,0,0,
New Zealand,June,2022,0,0,
New Zealand,July,2022,0,0,
New Zealand,August,2022,0,0,
New Zealand,September,2022,0,0,
New Zealand,October,2022,0,0,
New Zealand,November,2022,0,0,
New Zealand,December,2022,0,0,
Nicaragua,January,2022,0,0,13
Nicaragua,February,2022,1,0,
Nicaragua,March,2022,2,1,
Nicaragua,April,2022,2,0,
Nicaragua,May,2022,2,4,
Nicaragua,June,2022,2,0,
Nicaragua,July,2022,0,0,
Nicaragua,August,2022,2,1,
Nicaragua,September,2022,1,0,
Nicaragua,October,2022,0,0,
Nicaragua,November,2022,1,1,
Nicaragua,December,2022,0,0,
Niue,January,2022,0,0,0
Niue,February,2022,0,0,
Niue,March,2022,0,0,
Niue,April,2022,0,0,
Niue,May,2022,0,0,
Niue,June,2022,0,0,
Niue,July,2022,0,0,
Niue,August,2022,0,0,
Niue,September,2022,0,0,
Niue,October,2022,0,0,
Niue,November,2022,0,0,
Niue,December,2022,0,0,
Norfolk Island,January,2022,0,0,0
Norfolk Island,February,2022,0,0,
Norfolk Island,March,2022,0,0,
Norfolk Island,April,2022,0,0,
Norfolk Island,May,2022,0,0,
Norfolk Island,June,2022,0,0,
Norfolk Island,July,2022,0,0,
Norfolk Island,August,2022,0,0,
Norfolk Island,September,2022,0,0,
Norfolk Island,October,2022,0,0,
Norfolk Island,November,2022,0,0,
Norfolk Island,December,2022,0,0,
North Korea,January,2022,1,0,18
North Korea,February,2022,2,1,
North Korea,March,2022,4,20,
North Korea,April,2022,0,0,
North Korea,May,2022,0,0,
North Korea,June,2022,0,0,
North Korea,July,2022,0,0,
North Korea,August,2022,3,5,
North Korea,September,2022,1,1,
North Korea,October,2022,4,4,
North Korea,November,2022,2,2,
North Korea,December,2022,1,1,
North Macedonia,January,2022,0,0,1
North Macedonia,February,2022,0,0,
North Macedonia,March,2022,0,0,
North Macedonia,April,2022,0,0,
North Macedonia,May,2022,0,0,
North Macedonia,June,2022,0,0,
North Macedonia,July,2022,0,0,
North Macedonia,August,2022,0,0,
North Macedonia,September,2022,0,0,
North Macedonia,October,2022,1,0,
North Macedonia,November,2022,0,0,
North Macedonia,December,2022,0,0,
Northern Mariana Islands,January,2022,0,0,0
Northern Mariana Islands,February,2022,0,0,
Northern Mariana Islands,March,2022,0,0,
Northern Mariana Islands,April,2022,0,0,
Northern Mariana Islands,May,2022,0,0,
Northern Mariana Islands,June,2022,0,0,
Northern Mariana Islands,July,2022,0,0,
Northern Mariana Islands,August,2022,0,0,
Northern Mariana Islands,September,2022,0,0,
Northern Mariana Islands,October,2022,0,0,
Northern Mariana Islands,November,2022,0,0,
Northern Mariana Islands,December,2022,0,0,
Norway,January,2022,0,0,2
Norway,February,2022,0,0,
Norway,March,2022,0,0,
Norway,April,2022,0,0,
Norway,May,2022,0,0,
Norway,June,2022,1,2,
Norway,July,2022,1,0,
Norway,August,2022,0,0,
Norway,September,2022,0,0,
Norway,October,2022,0,0,
Norway,November,2022,0,0,
Norway,December,2022,0,0,
Oman,January,2022,0,0,1
Oman,February,2022,0,0,
Oman,March,2022,0,0,
Oman,April,2022,0,0,
Oman,May,2022,0,0,
Oman,June,2022,0,0,
Oman,July,2022,0,0,
Oman,August,2022,0,0,
Oman,September,2022,0,0,
Oman,October,2022,0,0,
Oman,November,2022,1,0,
Oman,December,2022,0,0,
Pakistan,January,2022,85,121,1210
Pakistan,February,2022,87,168,
Pakistan,March,2022,84,218,
Pakistan,April,2022,94,157,
Pakistan,May,2022,89,81,
Pakistan,June,2022,112,147,
Pakistan,July,2022,128,163,
Pakistan,August,2022,91,85,
Pakistan,September,2022,114,134,
Pakistan,October,2022,127,192,
Pakistan,November,2022,90,135,
Pakistan,December,2022,109,165,
Palau,January,2022,0,0,0
Palau,February,2022,0,0,
Palau,March,2022,0,0,
Palau,April,2022,0,0,
Palau,May,2022,0,0,
Palau,June,2022,0,0,
Palau,July,2022,0,0,
Palau,August,2022,0,0,
Palau,September,2022,0,0,
Palau,October,2022,0,0,
Palau,November,2022,0,0,
Palau,December,2022,0,0,
Panama,January,2022,3,0,8
Panama,February,2022,0,0,
Panama,March,2022,0,0,
Panama,April,2022,0,0,
Panama,May,2022,0,0,
Panama,June,2022,1,0,
Panama,July,2022,2,0,
Panama,August,2022,0,0,
Panama,September,2022,1,1,
Panama,October,2022,0,0,
Panama,November,2022,1,0,
Panama,December,2022,0,0,
Papua New Guinea,January,2022,3,1,145
Papua New Guinea,February,2022,4,1,
Papua New Guinea,March,2022,7,6,
Papua New Guinea,April,2022,13,12,
Papua New Guinea,May,2022,15,25,
Papua New Guinea,June,2022,15,13,
Papua New Guinea,July,2022,22,35,
Papua New Guinea,August,2022,20,25,
Papua New Guinea,September,2022,16,19,
Papua New Guinea,October,2022,14,37,
Papua New Guinea,November,2022,8,18,
Papua New Guinea,December,2022,8,31,
Paraguay,January,2022,4,2,72
Paraguay,February,2022,5,3,
Paraguay,March,2022,6,1,
Paraguay,April,2022,5,3,
Paraguay,May,2022,1,1,
Paraguay,June,2022,5,1,
Paraguay,July,2022,3,1,
Paraguay,August,2022,3,1,
Paraguay,September,2022,3,2,
Paraguay,October,2022,9,6,
Paraguay,November,2022,16,4,
Paraguay,December,2022,12,7,
Peru,January,2022,7,0,132
Peru,February,2022,16,0,
Peru,March,2022,7,0,
Peru,April,2022,12,2,
Peru,May,2022,21,3,
Peru,June,2022,13,14,
Peru,July,2022,7,0,
Peru,August,2022,8,0,
Peru,September,2022,15,0,
Peru,October,2022,10,1,
Peru,November,2022,10,1,
Peru,December,2022,6,2,
Philippines,January,2022,63,66,832
Philippines,February,2022,59,83,
Philippines,March,2022,68,75,
Philippines,April,2022,69,84,
Philippines,May,2022,112,73,
Philippines,June,2022,88,95,
Philippines,July,2022,66,70,
Philippines,August,2022,66,78,
Philippines,September,2022,54,48,
Philippines,October,2022,72,84,
Philippines,November,2022,79,107,
Philippines,December,2022,36,41,
Pitcairn,January,2022,0,0,0
Pitcairn,February,2022,0,0,
Pitcairn,March,2022,0,0,
Pitcairn,April,2022,0,0,
Pitcairn,May,2022,0,0,
Pitcairn,June,2022,0,0,
Pitcairn,July,2022,0,0,
Pitcairn,August,2022,0,0,
Pitcairn,September,2022,0,0,
Pitcairn,October,2022,0,0,
Pitcairn,November,2022,0,0,
Pitcairn,December,2022,0,0,
Poland,January,2022,19,0,80
Poland,February,2022,15,0,
Poland,March,2022,23,0,
Poland,April,2022,8,0,
Poland,May,2022,11,0,
Poland,June,2022,2,0,
Poland,July,2022,2,0,
Poland,August,2022,0,0,
Poland,September,2022,0,0,
Poland,October,2022,0,0,
Poland,November,2022,0,0,
Poland,December,2022,0,0,
Portugal,January,2022,0,0,0
Portugal,February,2022,0,0,
Portugal,March,2022,0,0,
Portugal,April,2022,0,0,
Portugal,May,2022,0,0,
Portugal,June,2022,0,0,
Portugal,July,2022,0,0,
Portugal,August,2022,0,0,
Portugal,September,2022,0,0,
Portugal,October,2022,0,0,
Portugal,November,2022,0,0,
Portugal,December,2022,0,0,
Puerto Rico,January,2022,16,15,245
Puerto Rico,February,2022,23,17,
Puerto Rico,March,2022,17,17,
Puerto Rico,April,2022,18,15,
Puerto Rico,May,2022,25,27,
Puerto Rico,June,2022,18,10,
Puerto Rico,July,2022,24,26,
Puerto Rico,August,2022,17,8,
Puerto Rico,September,2022,18,15,
Puerto Rico,October,2022,28,19,
Puerto Rico,November,2022,25,24,
Puerto Rico,December,2022,16,16,
Qatar,January,2022,0,0,0
Qatar,February,2022,0,0,
Qatar,March,2022,0,0,
Qatar,April,2022,0,0,
Qatar,May,2022,0,0,
Qatar,June,2022,0,0,
Qatar,July,2022,0,0,
Qatar,August,2022,0,0,
Qatar,September,2022,0,0,
Qatar,October,2022,0,0,
Qatar,November,2022,0,0,
Qatar,December,2022,0,0,
Republic of Congo,January,2022,1,1,12
Republic of Congo,February,2022,0,0,
Republic of Congo,March,2022,0,0,
Republic of Congo,April,2022,0,0,
Republic of Congo,May,2022,3,3,
Republic of Congo,June,2022,0,0,
Republic of Congo,July,2022,2,0,
Republic of Congo,August,2022,0,0,
Republic of Congo,September,2022,2,0,
Republic of Congo,October,2022,1,0,
Republic of Congo,November,2022,2,12,
Republic of Congo,December,2022,1,3,
Reunion,January,2022,2,0,10
Reunion,February,2022,2,0,
Reunion,March,2022,1,0,
Reunion,April,2022,0,0,
Reunion,May,2022,1,0,
Reunion,June,2022,1,0,
Reunion,July,2022,0,0,
Reunion,August,2022,0,0,
Reunion,September,2022,1,0,
Reunion,October,2022,1,0,
Reunion,November,2022,1,0,
Reunion,December,2022,0,0,
Romania,January,2022,2,0,6
Romania,February,2022,1,0,
Romania,March,2022,0,0,
Romania,April,2022,0,0,
Romania,May,2022,0,0,
Romania,June,2022,0,0,
Romania,July,2022,0,0,
Romania,August,2022,0,0,
Romania,September,2022,1,0,
Romania,October,2022,0,0,
Romania,November,2022,1,0,
Romania,December,2022,1,0,
Russia,January,2022,11,1,422
Russia,February,2022,13,0,
Russia,March,2022,18,0,
Russia,April,2022,28,7,
Russia,May,2022,34,8,
Russia,June,2022,18,1,
Russia,July,2022,48,10,
Russia,August,2022,33,4,
Russia,September,2022,42,19,
Russia,October,2022,67,22,
Russia,November,2022,66,16,
Russia,December,2022,44,8,
Rwanda,January,2022,1,1,23
Rwanda,February,2022,0,0,
Rwanda,March,2022,2,1,
Rwanda,April,2022,2,3,
Rwanda,May,2022,5,2,
Rwanda,June,2022,4,3,
Rwanda,July,2022,0,0,
Rwanda,August,2022,3,1,
Rwanda,September,2022,3,3,
Rwanda,October,2022,0,0,
Rwanda,November,2022,1,1,
Rwanda,December,2022,2,1,
"Saint Helena, Ascension and Tristan da Cunha",January,2022,0,0,0
"Saint Helena, Ascension and Tristan da Cunha",February,2022,0,0,
"Saint Helena, Ascension and Tristan da Cunha",March,2022,0,0,
"Saint Helena, Ascension and Tristan da Cunha",April,2022,0,0,
"Saint Helena, Ascension and Tristan da Cunha",May,2022,0,0,
"Saint Helena, Ascension and Tristan da Cunha",June,2022,0,0,
"Saint Helena, Ascension and Tristan da Cunha",July,2022,0,0,
"Saint Helena, Ascension and Tristan da Cunha",August,2022,0,0,
"Saint Helena, Ascension and Tristan da Cunha",September,2022,0,0,
"Saint Helena, Ascension and Tristan da Cunha",October,2022,0,0,
"Saint Helena, Ascension and Tristan da Cunha",November,2022,0,0,
"Saint Helena, Ascension and Tristan da Cunha",December,2022,0,0,
Saint Kitts and Nevis,January,2022,0,0,0
Saint Kitts and Nevis,February,2022,0,0,
Saint Kitts and Nevis,March,2022,0,0,
Saint Kitts and Nevis,April,2022,0,0,
Saint Kitts and Nevis,May,2022,0,0,
Saint Kitts and Nevis,June,2022,0,0,
Saint Kitts and Nevis,July,2022,0,0,
Saint Kitts and Nevis,August,2022,0,0,
Saint Kitts and Nevis,September,2022,0,0,
Saint Kitts and Nevis,October,2022,0,0,
Saint Kitts and Nevis,November,2022,0,0,
Saint Kitts and Nevis,December,2022,0,0,
Saint Lucia,January,2022,1,0,1
Saint Lucia,February,2022,0,0,
Saint Lucia,March,2022,0,0,
Saint Lucia,April,2022,0,0,
Saint Lucia,May,2022,0,0,
Saint Lucia,June,2022,0,0,
Saint Lucia,July,2022,0,0,
Saint Lucia,August,2022,0,0,
Saint Lucia,September,2022,0,0,
Saint Lucia,October,2022,0,0,
Saint Lucia,November,2022,0,0,
Saint Lucia,December,2022,0,0,
Saint Pierre and Miquelon,January,2022,0,0,0
Saint Pierre and Miquelon,February,2022,0,0,
Saint Pierre and Miquelon,March,2022,0,0,
Saint Pierre and Miquelon,April,2022,0,0,
Saint Pierre and Miquelon,May,2022,0,0,
Saint Pierre and Miquelon,June,2022,0,0,
Saint Pierre and Miquelon,July,2022,0,0,
Saint Pierre and Miquelon,August,2022,0,0,
Saint Pierre and Miquelon,September,2022,0,0,
Saint Pierre and Miquelon,October,2022,0,0,
Saint Pierre and Miquelon,November,2022,0,0,
Saint Pierre and Miquelon,December,2022,0,0,
Saint Vincent and the Grenadines,January,2022,0,0,0
Saint Vincent and the Grenadines,February,2022,0,0,
Saint Vincent and the Grenadines,March,2022,0,0,
Saint Vincent and the Grenadines,April,2022,0,0,
Saint Vincent and the Grenadines,May,2022,0,0,
Saint Vincent and the Grenadines,June,2022,0,0,
Saint Vincent and the Grenadines,July,2022,0,0,
Saint Vincent and the Grenadines,August,2022,0,0,
Saint Vincent and the Grenadines,September,2022,0,0,
Saint Vincent and the Grenadines,October,2022,0,0,
Saint Vincent and the Grenadines,November,2022,0,0,
Saint Vincent and the Grenadines,December,2022,0,0,
Saint-Barthelemy,January,2022,0,0,0
Saint-Barthelemy,February,2022,0,0,
Saint-Barthelemy,March,2022,0,0,
Saint-Barthelemy,April,2022,0,0,
Saint-Barthelemy,May,2022,0,0,
Saint-Barthelemy,June,2022,0,0,
Saint-Barthelemy,July,2022,0,0,
Saint-Barthelemy,August,2022,0,0,
Saint-Barthelemy,September,2022,0,0,
Saint-Barthelemy,October,2022,0,0,
Saint-Barthelemy,November,2022,0,0,
Saint-Barthelemy,December,2022,0,0,
Saint-Martin,January,2022,0,0,0
Saint-Martin,February,2022,0,0,
Saint-Martin,March,2022,0,0,
Saint-Martin,April,2022,0,0,
Saint-Martin,May,2022,0,0,
Saint-Martin,June,2022,0,0,
Saint-Martin,July,2022,0,0,
Saint-Martin,August,2022,0,0,
Saint-Martin,September,2022,0,0,
Saint-Martin,October,2022,0,0,
Saint-Martin,November,2022,0,0,
Saint-Martin,December,2022,0,0,
Samoa,January,2022,0,0,0
Samoa,February,2022,0,0,
Samoa,March,2022,0,0,
Samoa,April,2022,0,0,
Samoa,May,2022,0,0,
Samoa,June,2022,0,0,
Samoa,July,2022,0,0,
Samoa,August,2022,0,0,
Samoa,September,2022,0,0,
Samoa,October,2022,0,0,
Samoa,November,2022,0,0,
Samoa,December,2022,0,0,
San Marino,January,2022,0,0,0
San Marino,February,2022,0,0,
San Marino,March,2022,0,0,
San Marino,April,2022,0,0,
San Marino,May,2022,0,0,
San Marino,June,2022,0,0,
San Marino,July,2022,0,0,
San Marino,August,2022,0,0,
San Marino,September,2022,0,0,
San Marino,October,2022,0,0,
San Marino,November,2022,0,0,
San Marino,December,2022,0,0,
Sao Tome and Principe,January,2022,0,0,2
Sao Tome and Principe,February,2022,0,0,
Sao Tome and Principe,March,2022,0,0,
Sao Tome and Principe,April,2022,0,0,
Sao Tome and Principe,May,2022,0,0,
Sao Tome and Principe,June,2022,0,0,
Sao Tome and Principe,July,2022,0,0,
Sao Tome and Principe,August,2022,0,0,
Sao Tome and Principe,September,2022,0,0,
Sao Tome and Principe,October,2022,0,0,
Sao Tome and Principe,November,2022,2,5,
Sao Tome and Principe,December,2022,0,0,
Saudi Arabia,January,2022,5,0,40
Saudi Arabia,February,2022,2,0,
Saudi Arabia,March,2022,25,0,
Saudi Arabia,April,2022,1,0,
Saudi Arabia,May,2022,0,0,
Saudi Arabia,June,2022,2,5,
Saudi Arabia,July,2022,0,0,
Saudi Arabia,August,2022,2,1,
Saudi Arabia,September,2022,1,0,
Saudi Arabia,October,2022,2,0,
Saudi Arabia,November,2022,0,0,
Saudi Arabia,December,2022,0,0,
Senegal,January,2022,21,2,64
Senegal,February,2022,0,0,
Senegal,March,2022,7,11,
Senegal,April,2022,6,0,
Senegal,May,2022,4,1,
Senegal,June,2022,7,1,
Senegal,July,2022,6,0,
Senegal,August,2022,2,0,
Senegal,September,2022,1,0,
Senegal,October,2022,4,2,
Senegal,November,2022,3,1,
Senegal,December,2022,3,1,
Serbia,January,2022,1,0,8
Serbia,February,2022,3,0,
Serbia,March,2022,0,0,
Serbia,April,2022,2,0,
Serbia,May,2022,0,0,
Serbia,June,2022,1,0,
Serbia,July,2022,0,0,
Serbia,August,2022,0,0,
Serbia,September,2022,0,0,
Serbia,October,2022,1,0,
Serbia,November,2022,0,0,
Serbia,December,2022,0,0,
Seychelles,January,2022,0,0,0
Seychelles,February,2022,0,0,
Seychelles,March,2022,0,0,
Seychelles,April,2022,0,0,
Seychelles,May,2022,0,0,
Seychelles,June,2022,0,0,
Seychelles,July,2022,0,0,
Seychelles,August,2022,0,0,
Seychelles,September,2022,0,0,
Seychelles,October,2022,0,0,
Seychelles,November,2022,0,0,
Seychelles,December,2022,0,0,
Sierra Leone,January,2022,2,0,20
Sierra Leone,February,2022,0,0,
Sierra Leone,March,2022,0,0,
Sierra Leone,April,2022,0,0,
Sierra Leone,May,2022,1,0,
Sierra Leone,June,2022,3,1,
Sierra Leone,July,2022,6,5,
Sierra Leone,August,2022,3,2,
Sierra Leone,September,2022,1,1,
Sierra Leone,October,2022,0,0,
Sierra Leone,November,2022,1,0,
Sierra Leone,December,2022,3,0,
Singapore,January,2022,0,0,0
Singapore,February,2022,0,0,
Singapore,March,2022,0,0,
Singapore,April,2022,0,0,
Singapore,May,2022,0,0,
Singapore,June,2022,0,0,
Singapore,July,2022,0,0,
Singapore,August,2022,0,0,
Singapore,September,2022,0,0,
Singapore,October,2022,0,0,
Singapore,November,2022,0,0,
Singapore,December,2022,0,0,
Sint Maarten,January,2022,0,0,2
Sint Maarten,February,2022,0,0,
Sint Maarten,March,2022,0,0,
Sint Maarten,April,2022,0,0,
Sint Maarten,May,2022,0,0,
Sint Maarten,June,2022,0,0,
Sint Maarten,July,2022,0,0,
Sint Maarten,August,2022,0,0,
Sint Maarten,September,2022,0,0,
Sint Maarten,October,2022,0,0,
Sint Maarten,November,2022,2,0,
Sint Maarten,December,2022,0,0,
Slovakia,January,2022,0,0,3
Slovakia,February,2022,0,0,
Slovakia,March,2022,0,0,
Slovakia,April,2022,0,0,
Slovakia,May,2022,0,0,
Slovakia,June,2022,0,0,
Slovakia,July,2022,0,0,
Slovakia,August,2022,0,0,
Slovakia,September,2022,0,0,
Slovakia,October,2022,2,0,
Slovakia,November,2022,0,0,
Slovakia,December,2022,1,0,
Slovenia,January,2022,0,0,1
Slovenia,February,2022,0,0,
Slovenia,March,2022,0,0,
Slovenia,April,2022,0,0,
Slovenia,May,2022,0,0,
Slovenia,June,2022,0,0,
Slovenia,July,2022,0,0,
Slovenia,August,2022,0,0,
Slovenia,September,2022,0,0,
Slovenia,October,2022,1,0,
Slovenia,November,2022,0,0,
Slovenia,December,2022,0,0,
Solomon Islands,January,2022,0,0,4
Solomon Islands,February,2022,1,0,
Solomon Islands,March,2022,2,0,
Solomon Islands,April,2022,0,0,
Solomon Islands,May,2022,1,1,
Solomon Islands,June,2022,0,0,
Solomon Islands,July,2022,0,0,
Solomon Islands,August,2022,0,0,
Solomon Islands,September,2022,0,0,
Solomon Islands,October,2022,0,0,
Solomon Islands,November,2022,0,0,
Solomon Islands,December,2022,0,0,
South Africa,January,2022,37,23,420
South Africa,February,2022,44,33,
South Africa,March,2022,31,14,
South Africa,April,2022,33,25,
South Africa,May,2022,30,14,
South Africa,June,2022,45,31,
South Africa,July,2022,48,26,
South Africa,August,2022,31,24,
South Africa,September,2022,46,28,
South Africa,October,2022,29,19,
South Africa,November,2022,28,15,
South Africa,December,2022,18,12,
South Georgia and the South Sandwich Islands,January,2022,0,0,0
South Georgia and the South Sandwich Islands,February,2022,0,0,
South Georgia and the South Sandwich Islands,March,2022,0,0,
South Georgia and the South Sandwich Islands,April,2022,0,0,
South Georgia and the South Sandwich Islands,May,2022,0,0,
South Georgia and the South Sandwich Islands,June,2022,0,0,
South Georgia and the South Sandwich Islands,July,2022,0,0,
South Georgia and the South Sandwich Islands,August,2022,0,0,
South Georgia and the South Sandwich Islands,September,2022,0,0,
South Georgia and the South Sandwich Islands,October,2022,0,0,
South Georgia and the South Sandwich Islands,November,2022,0,0,
South Georgia and the South Sandwich Islands,December,2022,0,0,
South Korea,January,2022,0,0,4
South Korea,February,2022,1,0,
South Korea,March,2022,0,0,
South Korea,April,2022,1,0,
South Korea,May,2022,0,0,
South Korea,June,2022,2,0,
South Korea,July,2022,0,0,
South Korea,August,2022,0,0,
South Korea,September,2022,0,0,
South Korea,October,2022,0,0,
South Korea,November,2022,0,0,
South Korea,December,2022,0,0,
Spain,January,2022,1,0,13
Spain,February,2022,2,0,
Spain,March,2022,4,0,
Spain,April,2022,3,0,
Spain,May,2022,2,0,
Spain,June,2022,0,0,
Spain,July,2022,0,0,
Spain,August,2022,0,0,
Spain,September,2022,0,0,
Spain,October,2022,0,0,
Spain,November,2022,1,0,
Spain,December,2022,0,0,
Sri Lanka,January,2022,3,0,27
Sri Lanka,February,2022,0,0,
Sri Lanka,March,2022,0,0,
Sri Lanka,April,2022,1,0,
Sri Lanka,May,2022,7,3,
Sri Lanka,June,2022,6,0,
Sri Lanka,July,2022,6,1,
Sri Lanka,August,2022,1,0,
Sri Lanka,September,2022,0,0,
Sri Lanka,October,2022,0,0,
Sri Lanka,November,2022,3,1,
Sri Lanka,December,2022,0,0,
Suriname,January,2022,1,0,5
Suriname,February,2022,0,0,
Suriname,March,2022,2,0,
Suriname,April,2022,0,0,
Suriname,May,2022,0,0,
Suriname,June,2022,0,0,
Suriname,July,2022,1,0,
Suriname,August,2022,0,0,
Suriname,September,2022,1,0,
Suriname,October,2022,0,0,
Suriname,November,2022,0,0,
Suriname,December,2022,0,0,
Sweden,January,2022,0,0,5
Sweden,February,2022,0,0,
Sweden,March,2022,1,0,
Sweden,April,2022,0,0,
Sweden,May,2022,0,0,
Sweden,June,2022,0,0,
Sweden,July,2022,0,0,
Sweden,August,2022,1,0,
Sweden,September,2022,1,0,
Sweden,October,2022,0,0,
Sweden,November,2022,1,0,
Sweden,December,2022,1,0,
Switzerland,January,2022,0,0,2
Switzerland,February,2022,0,0,
Switzerland,March,2022,1,0,
Switzerland,April,2022,1,2,
Switzerland,May,2022,0,0,
Switzerland,June,2022,0,0,
Switzerland,July,2022,0,0,
Switzerland,August,2022,0,0,
Switzerland,September,2022,0,0,
Switzerland,October,2022,0,0,
Switzerland,November,2022,0,0,
Switzerland,December,2022,0,0,
Taiwan,January,2022,1,0,8
Taiwan,February,2022,0,0,
Taiwan,March,2022,0,0,
Taiwan,April,2022,3,0,
Taiwan,May,2022,1,0,
Taiwan,June,2022,0,0,
Taiwan,July,2022,0,0,
Taiwan,August,2022,0,0,
Taiwan,September,2022,0,0,
Taiwan,October,2022,0,0,
Taiwan,November,2022,3,0,
Taiwan,December,2022,0,0,
Tajikistan,January,2022,1,2,25
Tajikistan,February,2022,0,0,
Tajikistan,March,2022,1,1,
Tajikistan,April,2022,0,0,
Tajikistan,May,2022,5,24,
Tajikistan,June,2022,3,3,
Tajikistan,July,2022,0,0,
Tajikistan,August,2022,0,0,
Tajikistan,September,2022,13,41,
Tajikistan,October,2022,0,0,
Tajikistan,November,2022,0,0,
Tajikistan,December,2022,2,0,
Tanzania,January,2022,7,10,39
Tanzania,February,2022,7,4,
Tanzania,March,2022,1,1,
Tanzania,April,2022,2,1,
Tanzania,May,2022,6,3,
Tanzania,June,2022,4,5,
Tanzania,July,2022,4,3,
Tanzania,August,2022,1,0,
Tanzania,September,2022,2,7,
Tanzania,October,2022,4,2,
Tanzania,November,2022,1,0,
Tanzania,December,2022,0,0,
Thailand,January,2022,15,5,110
Thailand,February,2022,8,4,
Thailand,March,2022,7,3,
Thailand,April,2022,3,3,
Thailand,May,2022,1,0,
Thailand,June,2022,6,0,
Thailand,July,2022,8,8,
Thailand,August,2022,31,6,
Thailand,September,2022,5,3,
Thailand,October,2022,8,2,
Thailand,November,2022,10,6,
Thailand,December,2022,8,3,
Togo,January,2022,0,0,36
Togo,February,2022,0,0,
Togo,March,2022,0,0,
Togo,April,2022,1,0,
Togo,May,2022,1,8,
Togo,June,2022,4,1,
Togo,July,2022,14,34,
Togo,August,2022,1,0,
Togo,September,2022,1,0,
Togo,October,2022,1,0,
Togo,November,2022,7,28,
Togo,December,2022,6,7,
Tokelau,January,2022,0,0,0
Tokelau,February,2022,0,0,
Tokelau,March,2022,0,0,
Tokelau,April,2022,0,0,
Tokelau,May,2022,0,0,
Tokelau,June,2022,0,0,
Tokelau,July,2022,0,0,
Tokelau,August,2022,0,0,
Tokelau,September,2022,0,0,
Tokelau,October,2022,0,0,
Tokelau,November,2022,0,0,
Tokelau,December,2022,0,0,
Tonga,January,2022,0,0,0
Tonga,February,2022,0,0,
Tonga,March,2022,0,0,
Tonga,April,2022,0,0,
Tonga,May,2022,0,0,
Tonga,June,2022,0,0,
Tonga,July,2022,0,0,
Tonga,August,2022,0,0,
Tonga,September,2022,0,0,
Tonga,October,2022,0,0,
Tonga,November,2022,0,0,
Tonga,December,2022,0,0,
Trinidad and Tobago,January,2022,25,22,337
Trinidad and Tobago,February,2022,20,19,
Trinidad and Tobago,March,2022,24,11,
Trinidad and Tobago,April,2022,18,20,
Trinidad and Tobago,May,2022,27,16,
Trinidad and Tobago,June,2022,25,18,
Trinidad and Tobago,July,2022,28,30,
Trinidad and Tobago,August,2022,47,35,
Trinidad and Tobago,September,2022,31,28,
Trinidad and Tobago,October,2022,39,33,
Trinidad and Tobago,November,2022,21,18,
Trinidad and Tobago,December,2022,32,28,
Tunisia,January,2022,1,0,8
Tunisia,February,2022,0,0,
Tunisia,March,2022,1,0,
Tunisia,April,2022,0,0,
Tunisia,May,2022,0,0,
Tunisia,June,2022,0,0,
Tunisia,July,2022,0,0,
Tunisia,August,2022,2,0,
Tunisia,September,2022,3,1,
Tunisia,October,2022,0,0,
Tunisia,November,2022,1,0,
Tunisia,December,2022,0,0,
Turkey,January,2022,17,2,365
Turkey,February,2022,13,3,
Turkey,March,2022,16,2,
Turkey,April,2022,32,11,
Turkey,May,2022,33,19,
Turkey,June,2022,45,24,
Turkey,July,2022,46,24,
Turkey,August,2022,48,20,
Turkey,September,2022,33,15,
Turkey,October,2022,32,3,
Turkey,November,2022,28,19,
Turkey,December,2022,22,13,
Turkmenistan,January,2022,0,0,0
Turkmenistan,February,2022,0,0,
Turkmenistan,March,2022,0,0,
Turkmenistan,April,2022,0,0,
Turkmenistan,May,2022,0,0,
Turkmenistan,June,2022,0,0,
Turkmenistan,July,2022,0,0,
Turkmenistan,August,2022,0,0,
Turkmenistan,September,2022,0,0,
Turkmenistan,October,2022,0,0,
Turkmenistan,November,2022,0,0,
Turkmenistan,December,2022,0,0,
Turks and Caicos Islands,January,2022,0,0,0
Turks and Caicos Islands,February,2022,0,0,
Turks and Caicos Islands,March,2022,0,0,
Turks and Caicos Islands,April,2022,0,0,
Turks and Caicos Islands,May,2022,0,0,
Turks and Caicos Islands,June,2022,0,0,
Turks and Caicos Islands,July,2022,0,0,
Turks and Caicos Islands,August,2022,0,0,
Turks and Caicos Islands,September,2022,0,0,
Turks and Caicos Islands,October,2022,0,0,
Turks and Caicos Islands,November,2022,0,0,
Turks and Caicos Islands,December,2022,0,0,
Tuvalu,January,2022,0,0,0
Tuvalu,February,2022,0,0,
Tuvalu,March,2022,0,0,
Tuvalu,April,2022,0,0,
Tuvalu,May,2022,0,0,
Tuvalu,June,2022,0,0,
Tuvalu,July,2022,0,0,
Tuvalu,August,2022,0,0,
Tuvalu,September,2022,0,0,
Tuvalu,October,2022,0,0,
Tuvalu,November,2022,0,0,
Tuvalu,December,2022,0,0,
Uganda,January,2022,39,26,430
Uganda,February,2022,37,22,
Uganda,March,2022,54,66,
Uganda,April,2022,32,23,
Uganda,May,2022,41,25,
Uganda,June,2022,39,22,
Uganda,July,2022,40,25,
Uganda,August,2022,17,6,
Uganda,September,2022,29,23,
Uganda,October,2022,37,35,
Uganda,November,2022,31,24,
Uganda,December,2022,34,64,
United Arab Emirates,January,2022,7,3,8
United Arab Emirates,February,2022,0,0,
United Arab Emirates,March,2022,0,0,
United Arab Emirates,April,2022,0,0,
United Arab Emirates,May,2022,0,0,
United Arab Emirates,June,2022,0,0,
United Arab Emirates,July,2022,1,0,
United Arab Emirates,August,2022,0,0,
United Arab Emirates,September,2022,0,0,
United Arab Emirates,October,2022,0,0,
United Arab Emirates,November,2022,0,0,
United Arab Emirates,December,2022,0,0,
United Kingdom,January,2022,0,0,23
United Kingdom,February,2022,0,0,
United Kingdom,March,2022,5,0,
United Kingdom,April,2022,7,0,
United Kingdom,May,2022,0,0,
United Kingdom,June,2022,0,0,
United Kingdom,July,2022,4,0,
United Kingdom,August,2022,2,0,
United Kingdom,September,2022,2,0,
United Kingdom,October,2022,1,1,
United Kingdom,November,2022,2,0,
United Kingdom,December,2022,0,0,
United States,January,2022,12,6,190
United States,February,2022,16,6,
United States,March,2022,11,2,
United States,April,2022,21,3,
United States,May,2022,19,34,
United States,June,2022,20,5,
United States,July,2022,26,14,
United States,August,2022,16,9,
United States,September,2022,13,4,
United States,October,2022,12,8,
United States,November,2022,11,5,
United States,December,2022,13,0,
United States Minor Outlying Islands,January,2022,0,0,0
United States Minor Outlying Islands,February,2022,0,0,
United States Minor Outlying Islands,March,2022,0,0,
United States Minor Outlying Islands,April,2022,0,0,
United States Minor Outlying Islands,May,2022,0,0,
United States Minor Outlying Islands,June,2022,0,0,
United States Minor Outlying Islands,July,2022,0,0,
United States Minor Outlying Islands,August,2022,0,0,
United States Minor Outlying Islands,September,2022,0,0,
United States Minor Outlying Islands,October,2022,0,0,
United States Minor Outlying Islands,November,2022,0,0,
United States Minor Outlying Islands,December,2022,0,0,
Uruguay,January,2022,0,0,4
Uruguay,February,2022,2,0,
Uruguay,March,2022,0,0,
Uruguay,April,2022,1,1,
Uruguay,May,2022,0,0,
Uruguay,June,2022,0,0,
Uruguay,July,2022,0,0,
Uruguay,August,2022,1,0,
Uruguay,September,2022,0,0,
Uruguay,October,2022,0,0,
Uruguay,November,2022,0,0,
Uruguay,December,2022,0,0,
Uzbekistan,January,2022,2,0,43
Uzbekistan,February,2022,0,0,
Uzbekistan,March,2022,3,2,
Uzbekistan,April,2022,4,0,
Uzbekistan,May,2022,2,0,
Uzbekistan,June,2022,7,1,
Uzbekistan,July,2022,12,5,
Uzbekistan,August,2022,3,0,
Uzbekistan,September,2022,3,0,
Uzbekistan,October,2022,3,0,
Uzbekistan,November,2022,2,0,
Uzbekistan,December,2022,2,0,
Vanuatu,January,2022,0,0,1
Vanuatu,February,2022,0,0,
Vanuatu,March,2022,0,0,
Vanuatu,April,2022,0,0,
Vanuatu,May,2022,0,0,
Vanuatu,June,2022,0,0,
Vanuatu,July,2022,0,0,
Vanuatu,August,2022,0,0,
Vanuatu,September,2022,1,1,
Vanuatu,October,2022,0,0,
Vanuatu,November,2022,0,0,
Vanuatu,December,2022,0,0,
Vatican City,January,2022,0,0,0
Vatican City,February,2022,0,0,
Vatican City,March,2022,0,0,
Vatican City,April,2022,0,0,
Vatican City,May,2022,0,0,
Vatican City,June,2022,0,0,
Vatican City,July,2022,0,0,
Vatican City,August,2022,0,0,
Vatican City,September,2022,0,0,
Vatican City,October,2022,0,0,
Vatican City,November,2022,0,0,
Vatican City,December,2022,0,0,
Vietnam,January,2022,0,0,0
Vietnam,February,2022,0,0,
Vietnam,March,2022,0,0,
Vietnam,April,2022,0,0,
Vietnam,May,2022,0,0,
Vietnam,June,2022,0,0,
Vietnam,July,2022,0,0,
Vietnam,August,2022,0,0,
Vietnam,September,2022,0,0,
Vietnam,October,2022,0,0,
Vietnam,November,2022,0,0,
Vietnam,December,2022,0,0,
"Virgin Islands, U.S.",January,2022,0,0,0
"Virgin Islands, U.S.",February,2022,0,0,
"Virgin Islands, U.S.",March,2022,0,0,
"Virgin Islands, U.S.",April,2022,0,0,
"Virgin Islands, U.S.",May,2022,0,0,
"Virgin Islands, U.S.",June,2022,0,0,
"Virgin Islands, U.S.",July,2022,0,0,
"Virgin Islands, U.S.",August,2022,0,0,
"Virgin Islands, U.S.",September,2022,0,0,
"Virgin Islands, U.S.",October,2022,0,0,
"Virgin Islands, U.S.",November,2022,0,0,
"Virgin Islands, U.S.",December,2022,0,0,
Wallis and Futuna,January,2022,0,0,0
Wallis and Futuna,February,2022,0,0,
Wallis and Futuna,March,2022,0,0,
Wallis and Futuna,April,2022,0,0,
Wallis and Futuna,May,2022,0,0,
Wallis and Futuna,June,2022,0,0,
Wallis and Futuna,July,2022,0,0,
Wallis and Futuna,August,2022,0,0,
Wallis and Futuna,September,2022,0,0,
Wallis and Futuna,October,2022,0,0,
Wallis and Futuna,November,2022,0,0,
Wallis and Futuna,December,2022,0,0,
Zambia,January,2022,5,0,38
Zambia,February,2022,8,1,
Zambia,March,2022,2,1,
Zambia,April,2022,3,2,
Zambia,May,2022,1,0,
Zambia,June,2022,3,1,
Zambia,July,2022,1,0,
Zambia,August,2022,1,0,
Zambia,September,2022,3,3,
Zambia,October,2022,3,2,
Zambia,November,2022,5,1,
Zambia,December,2022,3,1,
Zimbabwe,January,2022,11,2,141
Zimbabwe,February,2022,18,2,
Zimbabwe,March,2022,14,3,
Zimbabwe,April,2022,6,4,
Zimbabwe,May,2022,7,0,
Zimbabwe,June,2022,7,2,
Zimbabwe,July,2022,12,4,
Zimbabwe,August,2022,15,4,
Zimbabwe,September,2022,11,1,
Zimbabwe,October,2022,18,7,
Zimbabwe,November,2022,15,2,
Zimbabwe,December,2022,7,1,